sim_id,Dispatch,Dispatch DA,Revenue DA,Revenue RT,Total Revenue
0,44495.16849499996,30752.160484000033,1124898.8873978197,25490692.509184785,26615591.39658265
1,86558.09401599996,44316.73955699999,1152740.0852258345,22471749.50486611,23624489.590091895
2,45145.72460300001,33993.10080700003,1329293.3923049828,22392361.138568435,23721654.530873407
3,90267.17588600007,39739.84850700007,989617.9430117296,24525741.21490349,25515359.15791519
4,47562.54623399999,35509.17267099997,1229186.25898351,22525758.886185378,23754945.145168833
5,92937.65720299982,34488.30294599999,804792.957647288,24648131.375786815,25452924.333434116
6,48329.92069400007,35086.06040600002,1226254.0869916424,21740498.41698159,22966752.50397322
7,92371.569332,31687.50520999999,822418.8898750108,26066655.175685037,26889074.065560088
8,41193.153766999974,29397.224679000003,1059497.3680112204,24613398.652057696,25672896.020068865
9,77647.25145799998,42375.55939399999,1201879.2563021062,21737414.558316976,22939293.814619157
10,42684.257878000055,32797.22258200001,1244643.221680616,23665863.705770276,24910506.92745087
11,79497.34574600004,37736.32202800007,1123461.7616714505,24130473.631358318,25253935.393029768
12,45449.56980999999,35226.96720200003,1381960.041613201,23983100.97614896,25365061.017762188
13,79676.43356900003,31119.340061000003,763549.0461749288,25355728.775126603,26119277.82130158
14,44953.530843000015,34698.03265600001,1303672.69306246,21878873.98810561,23182546.681168064
15,78961.70208099992,28643.656099999997,669232.3274075835,24048781.972058754,24718014.29946634
16,40840.28625500005,29277.968315000013,1325736.0021591936,22614320.6695493,23940056.671708565
17,69684.38367200003,39243.47650100001,1132281.599768541,15158697.553952476,16290979.153721005
18,42449.09589099999,32857.769103,1367131.8691105896,20800153.149663616,22167285.018774204
19,70815.06372800014,34757.454594000024,1011490.4170557956,18078571.45110226,19090061.868158083
20,42868.59078999999,33190.05355000002,1447905.4797236621,22772395.67809748,24220301.157821156
21,69972.148571,28553.04529100004,677784.7593972663,22457041.624023378,23134826.383420646
22,43617.879342,33559.660994999984,1350795.3232367854,20923943.82783073,22274739.15106754
23,68605.08669499993,24919.952721000005,581227.7149268104,24167359.839152504,24748587.55407931
24,42347.47608899996,29450.158390999994,1245964.8330455672,24334297.28773691,25580262.12078251
25,65062.16749899992,38500.36682000004,1189979.0781171552,17393899.991359707,18583879.06947683
26,41586.273726000036,31260.027428000016,1472812.792809008,20761719.21259776,22234532.00540681
27,64738.491146000015,30221.81836500001,874759.3891687157,21963227.53971467,22837986.928883404
28,43197.626594999965,33196.01859499997,1475040.240709462,19820006.967466217,21295047.208175708
29,62598.27826999986,24640.769779,799244.380617361,20173536.018361088,20972780.39897845
30,43969.627989999964,34549.147527000016,1472095.6086285538,19340510.799778238,20812606.408406813
31,59657.24030699998,21956.29359999999,554675.9567916269,21654915.245287128,22209591.20207883
32,44800.09390900004,30232.92705399999,1236314.5558140154,27304227.659238853,28540542.215052903
33,65719.75021700001,35947.250556000006,1038364.3838189536,13821053.73794627,14859418.121765219
34,47175.60250000003,34039.255846999964,1691409.9288768289,15514520.651696974,17205930.58057381
35,63433.00793200002,28184.912475000016,812197.8926550357,19507684.73486382,20319882.62751889
36,45871.1527890001,33171.45146299999,1387154.7621931136,22334009.07464461,23721163.836837787
37,59527.965958999936,21918.89809999999,559250.2909445892,18967808.769342277,19527059.06028686
38,46163.807257000095,34915.997565999955,1574208.2683117879,18792904.493733708,20367112.76204552
39,60463.30831699992,19788.47419999997,508495.7640831105,25283360.452742327,25791856.21682549
40,85452.20989399987,59563.55397800004,2095613.9980386451,44718685.10098722,46814299.09902582
41,171510.27971499992,93319.59142099989,2350727.798407225,34408488.60769968,36759216.4061069
42,91354.1212469997,64578.85074800004,2233913.5883137994,36020071.08071181,38253984.66902573
43,180354.91955400055,82841.60426899994,1927965.6866359874,38322710.40283844,40250676.089474425
44,94420.6313139999,69621.0131349999,2511297.1808856013,36446375.779067636,38957672.959953174
45,181962.51444699997,71967.35139200006,1577674.9514626055,39547050.14655604,41124725.09801871
46,96165.59073599997,71090.86544699997,2440204.489032661,46746017.045325845,49186221.5343585
47,184342.26845199996,70450.49185599994,1567525.3633997112,43838910.717951216,45406436.08135093
48,85832.03480299994,62771.59244,2355337.2795809386,33405322.999780387,35760660.27936136
49,154240.18468099964,89507.57977199992,2287302.40710134,30486135.357239522,32773437.764340896
50,89885.64899499994,64632.19994999993,2444660.932399927,40840296.95351559,43284957.88591552
51,158001.52641299984,76474.95239800008,1848592.7210075958,34437157.82494993,36285750.54595751
52,87689.44027799992,67648.04032699997,2862324.226022152,42116554.74876394,44978878.97478605
53,158277.32557100023,63853.22207500004,1511449.9679485564,36901194.14355651,38412644.111505054
54,89830.23424100009,66726.42492399996,2472453.059209629,39714054.00376737,42186507.062977135
55,155411.6429170002,57144.10150800002,1224093.8933807965,41338993.026305705,42563086.9196864
56,82105.34600599996,58298.76655399999,2328030.253268013,45680551.57207968,48008581.825347595
57,139366.78834100015,83240.11977999996,2230138.234222955,30226523.23701082,32456661.471233755
58,85067.18808099985,67272.79708699993,2385742.3341620914,38192160.08266231,40577902.41682443
59,141687.21257500007,70010.83439199998,1707977.5113631873,33585635.75994919,35293613.27131239
60,85652.01737799989,64224.723468000026,2692548.1100762663,37788643.576476336,40481191.68655265
61,138294.78406900016,55075.46994500004,1341983.994387704,32048454.87512838,33390438.869516037
62,85808.49833499998,67421.29991800012,2771726.32998602,40449184.826809704,43220911.15679576
63,136293.95091200017,50678.41070900002,1179976.9762957273,39524294.35668831,40704271.332984015
64,80598.165073,56263.469573999966,2134016.5968682845,34566699.87367964,36700716.47054799
65,130147.3182830003,76626.42598499998,1955381.5535108992,20407392.73806446,22362774.29157536
66,86133.7379420001,63381.54959899996,2560065.4939928856,32656939.255423974,35217004.7494168
67,127814.95212100026,65898.44818200005,1606426.0546819917,21932876.85949326,23539302.914175283
68,84055.96528900015,65011.079984999895,2560070.4502736786,42238558.75176134,44798629.20203509
69,125295.66811400009,50624.04076400002,1184254.5738293708,30666271.59247745,31850526.166306883
70,85331.44461499999,65375.05119300003,2568313.853775098,38650250.8382508,41218564.69202587
71,121929.94386300014,45090.407515999985,1017114.566829196,31209985.73475209,32227100.30158131
72,87591.27154299988,57685.58279499993,2235738.5240966226,29844289.240379315,32080027.764475953
73,130226.22773600042,74171.58596899998,2044281.5437138088,13542599.887707839,15586881.431421598
74,91498.52667700015,63457.38044799996,2393847.0804022346,22173555.07684813,24567402.157250352
75,125275.64075700028,60575.00295900006,1730628.44239462,21717435.83275867,23448064.27515332
76,93179.44107899997,67260.04846399998,2543038.7675898764,19518435.981235087,22061474.748824958
77,121123.17169,48218.428316000005,1214483.4685398214,31828949.244844522,33043432.713384386
78,96117.30929899994,70154.27668800004,2727088.180105136,38082758.867278665,40809847.047383666
79,115065.67038500012,38465.89870599998,924757.1256319085,32480086.965161074,33404844.090793
80,131316.0607169998,91829.20466299998,3266867.815498794,54191680.90838638,57458548.723885015
81,258189.78895900009,145626.43663199997,3759583.6373836813,41196602.710028864,44956186.34741262
82,137554.40440100015,98386.13217899992,3493875.2537840023,43572513.31217408,47066388.56595808
83,271355.4796879995,130686.34490500021,3081451.321893526,42384565.8919955,45466017.2138891
84,137892.204614,101071.58790600019,3578230.773938794,53366491.591794245,56944722.36573286
85,274501.7771119994,112720.16145399991,2305693.138322299,48537022.48337864,50842715.62170103
86,141388.4021009997,101901.45837100018,3441478.938971161,53484922.47510818,56926401.41407929
87,270603.9356399998,98207.39119700005,2100656.1969220326,57975223.979524836,60075880.176446855
88,127248.81187499987,90893.22082700006,3388937.6803841325,42954198.5609345,46343136.24131853
89,233386.64232299943,138169.84559800016,3468995.9159197756,32738008.74271226,36207004.65863213
90,130423.12388799964,98276.44659200011,3687459.022643722,42937083.92449249,46624542.94713615
91,237156.09913799964,117239.29718800007,2574253.489933625,30615370.791890968,33189624.28182466
92,135082.900049,103577.0924489999,3582391.263086218,45727305.13502395,49309696.39811024
93,240659.9904589995,106720.65245399992,2440300.9614620977,41967994.439199336,44408295.400661394
94,136141.76748099996,104286.15202600014,4254429.18074263,52617279.205834165,56871708.38657688
95,234237.24248899965,91194.58228400008,2048488.4305164241,52526485.8674751,54574974.29799145
96,120864.98211799999,86883.33643000004,3335768.918717244,55787073.58600648,59122842.504723825
97,211597.46326199974,129697.99570799997,3171351.201351175,25083785.298888873,28255136.500240043
98,125906.2925569999,94681.27270700008,3522411.590802549,34567697.013670824,38090108.60447338
99,213809.43966099978,111666.679116,2621034.2852489846,24337836.088608153,26958870.373857133
100,130661.2510549999,95231.13821499987,3616685.4407351934,45970423.54424314,49587108.98497834
101,207817.55419999993,88436.57277200004,2014836.5619161571,48947818.171674915,50962654.733591154
102,127962.22538299975,96256.13923900008,3549301.7102183364,49931526.845273554,53480828.55549195
103,201897.84195099975,79071.64856899984,1695747.1104993448,45483133.388524756,47178880.49902409
104,123238.82223599976,86772.00166600003,3047618.0212665554,35786819.11989754,38834437.14116415
105,194835.12896599935,117813.98928200001,2879560.226484521,14572694.648286406,17452254.874770977
106,122659.03507100002,88480.50362300003,3241803.161499088,31911975.28644099,35153778.447940044
107,190821.3474109999,95308.1608259999,2153293.8132722303,28323836.26020828,30477130.0734805
108,120635.785069,96559.83927600017,3751482.393703391,29712723.278350662,33464205.67205403
109,183087.16121000028,78654.3382000001,1742064.5912858236,35924759.726394616,37666824.31768044
110,128306.50563299989,99862.90751400021,3892392.0026369304,33357482.272779644,37249874.275416486
111,174253.75329600013,69124.95393400003,1703851.9723264796,37135096.530944735,38838948.5032712
112,128323.9989090001,83630.15475300002,3078080.966558956,27713499.766728565,30791580.733287513
113,196643.2364319997,111609.59854099993,2814630.5936154635,-7888196.662335446,-5073566.068719973
114,133963.44115599993,93236.31505600005,3458876.9598092115,25779937.752931863,29238814.71274111
115,196043.32250600023,94026.6544750001,2151602.558961444,12359966.68145843,14511569.240419835
116,139406.6038419999,99344.97950500013,3960457.9231105605,26950758.682319757,30911216.605430275
117,178811.72259700004,70259.34824900003,1613737.5353765278,20460113.721371498,22073851.256748028
118,144112.34428899988,106420.36672200002,3922735.918387632,37665521.549475804,41588257.46786341
119,170562.30365000007,59734.62289100001,1259854.3388388862,34008431.9094292,35268286.24826813
120,170527.1440670001,119321.32725099991,3982684.2061033966,68705296.67576243,72687980.88186592
121,342630.34209099977,192717.13955599957,4276939.511066006,38003865.16524436,42280804.6763102
122,183861.01701000019,131394.12402400014,4446841.678425086,65934622.28278503,70381463.96121003
123,359745.8318649998,175963.60286699972,3721437.3416337273,49206910.45472713,52928347.79636097
124,190380.6811770002,138247.8317409998,4566751.556413515,69144116.89569025,73710868.45210372
125,365995.90985499945,148777.2484859998,3068713.9551481795,52997337.803035416,56066051.75818359
126,191430.05647500005,134524.98977200035,4338043.574842966,79174729.7774294,83512773.35227251
127,360398.3606370002,137791.24126199988,2851726.3223099634,56125221.68364434,58976948.005954355
128,169481.25745899993,119882.690637,4245412.911871292,58421217.10363535,62666630.015506566
129,303104.65400899993,181214.87788399975,4315871.917543004,20621895.084518917,24937767.002061903
130,176081.47485199978,130849.68891200023,4796089.987613306,55598703.97463619,60394793.96224932
131,314244.21026000055,157710.51296099983,3627007.621265332,35982143.69849771,39609151.319762945
132,180010.3465920002,138727.85364400005,4885738.643425652,44782600.70283041,49668339.34625616
133,313987.78712999995,138866.81630599996,2957421.587977491,37586187.194419585,40543608.78239707
134,175077.90791900016,126144.06740299989,4323213.253436015,57451038.70094687,61774251.954382986
135,305965.59153699974,115978.05098800002,2550148.5420370353,54037878.80300509,56588027.34504217
136,162283.56239700023,116270.91200999991,3875760.0488372045,55771566.95186993,59647327.00070716
137,274130.98272300005,161990.91377599988,3807323.2942502755,17919366.498660516,21726689.792910833
138,169573.49789100018,126947.88462000016,4313398.700891096,40694404.77256658,45007803.47345766
139,285081.4548779998,148005.05052699996,3529073.9480449124,33659671.33301947,37188745.28106445
140,169069.80656099992,132049.18213200002,4947554.174651507,30686656.79140585,35634210.966057315
141,273766.12835600064,119992.14253399991,2693775.141926147,47239419.38045104,49933194.522377156
142,167794.45566500013,127462.51535600016,4644168.9810058605,47261180.042834744,51905349.02384062
143,267743.81710000074,102233.31562200007,2114257.3870987557,44783710.19461502,46897967.58171382
144,160960.14894700007,110701.96827999996,3865513.374565241,27772302.212449335,31637815.587014597
145,257786.90509400066,156678.4142429999,3523716.1503188014,10277239.522487989,13800955.672806801
146,166589.86564600034,123815.1192770001,4308973.697297096,34510830.155227,38819803.85252399
147,256002.89716000055,133238.17499599993,3150977.229522779,6849009.261333511,9999986.490856275
148,167142.3917360001,133598.11356300002,4834442.702145371,21070904.327107694,25905347.029253107
149,244032.38823700015,100739.85497299998,2116243.424088652,30888048.54367998,33004291.967768643
150,160484.83141200035,124831.65584900012,5040145.332355482,32025720.08146055,37065865.41381603
151,230535.27264300053,93994.33342700008,1988146.823810822,32365416.29485071,34353563.11866155
152,167078.32125800027,103894.77777999999,4427215.097035666,33712253.84476189,38139468.94179751
153,255608.42268600062,146324.46056299983,3135942.601579146,-27499965.90032612,-24364023.298747033
154,178310.29221800013,122117.74003899994,4379467.675442923,-8451797.537510961,-4072329.8620680002
155,252956.6170930003,125663.397037,2613817.6182396132,714170.3248205881,3327987.9430602114
156,187119.352992,137129.40064999982,5272705.278744276,15734292.736003555,21006998.014747854
157,239447.03635600026,92693.86225899997,1878273.8581080053,25460526.711220205,27338800.569328252
158,174928.10259900053,134095.28733999998,5067763.138731593,10557957.312444229,15625720.451175824
159,229692.2357860002,80067.02563500003,1660483.5105739497,29839574.444141913,31500057.954715848
160,220318.22918100015,155769.48357000004,5398517.128704908,73636428.19476448,79034945.3234694
161,423200.49694799894,243708.49176800004,5197509.718405756,41353972.08503022,46551481.80343618
162,225101.2487710003,162879.58688900043,5507755.332857364,64904225.07273165,70411980.40558885
163,446075.80257999984,223315.69238300037,4614723.971781847,47104826.377724946,51719550.349507
164,234411.86642300073,174223.53115500032,5910864.666113073,75643326.28478284,81554190.9508959
165,449745.21108199935,187269.53252800004,3811297.89972879,55860330.23226523,59671628.13199419
166,234603.20507400043,161008.18855400002,5224893.951984787,80288707.43921405,85513601.39119852
167,449216.60465399944,180081.10132600015,3420328.911461535,62936145.66833146,66356474.579792894
168,208784.97476000048,152750.63333799993,5600658.747680038,60132465.498014264,65733124.24569423
169,381960.26648699975,228960.54060700038,4921174.353150888,23102440.677621376,28023615.030772243
170,216569.76528600036,161106.36227300018,6045362.942047912,59768353.706896976,65813716.64894472
171,397714.74385999894,200360.0065050003,4159035.8586303005,34147647.24805157,38306683.10668192
172,217588.84677700055,162482.8974369999,5535617.334821786,67026379.10596455,72561996.44078618
173,392803.3906379993,162992.7220440002,3649806.93454373,53729587.868371695,57379394.80291534
174,222878.2089660003,164194.07154100004,5516869.380590755,76442168.9426108,81959038.32320161
175,385544.92130899907,149086.69762500018,3057351.9424566594,41438421.80967184,44495773.752128586
176,200198.40735299993,147235.09074200012,4816205.788056956,41658199.645849824,46474405.43390673
177,344747.84268799925,212819.96079200026,4400344.534122291,8518690.052208185,12919034.586330462
178,201702.4692910003,160628.69926900018,5498103.285044583,19942987.50399615,25441090.789040733
179,348997.71066899947,183133.23000299992,3756926.8435189747,28034604.3025275,31791531.146046445
180,213296.64493700047,165277.65632499996,5818509.127338282,42151214.72483601,47969723.85217415
181,334182.42593899934,148459.9632039998,2942967.8134180596,33080711.61219498,36023679.425613046
182,213401.0153220002,170309.81457500026,5833297.238551165,41591006.52549364,47424303.76404479
183,329721.35403999937,137693.99691300016,2568715.5384048913,41495478.187224515,44064193.725629516
184,192402.04733000023,136875.17932500003,5541543.636140864,7233994.851880195,12775538.488021055
185,318836.84688500053,191218.32253800018,3873345.94916878,-17194113.693222497,-13320767.744053712
186,199767.74377200045,147659.2626359998,5078512.549369177,-26992762.500585712,-21914249.951216653
187,313632.47707599914,164321.3935370002,3726867.895409632,7950659.815488962,11677527.710898614
188,207278.08304300022,162243.5368629999,5864884.699001997,2150679.878259446,8015564.577261438
189,305426.01825399924,134485.48459800013,2552315.2703464488,16441291.571478358,18993606.841824815
190,212532.72606699986,170164.60051200012,6442745.9576751655,29757821.66228002,36200567.61995518
191,296581.53968299995,114447.838695,2351367.0573944137,27692510.75724571,30043877.814640127
192,206776.76430600064,137178.7244559999,4686099.976105002,11124503.854462123,15810603.83056707
193,315477.3488469994,184358.61456899997,3572047.6014998592,-31836781.63841222,-28264734.036912344
194,210566.0623990002,142103.3846900001,5003378.552192114,-18607294.056694694,-13603915.5045026
195,305929.5217449993,142668.06606500005,2725512.8369289096,-6378044.318137546,-3652531.4812086555
196,211427.6729330002,164231.35473100017,5800100.623913064,-30402347.089897506,-24602246.465984456
197,297514.19984899985,108296.52317500005,2029725.0299761635,18695924.960019223,20725649.989995368
198,216474.76988000012,159863.23863399992,6334154.886371097,29880147.616914347,36214302.503285445
199,291907.86504900036,105533.13295000007,2005011.5376808578,23974077.97849958,25979089.51618044
200,247954.8091569998,178397.8857890002,5524537.8252391815,78922253.70679015,84446791.53202933
201,500705.71956199786,292907.321343,5826612.4698001575,28339648.72235035,34166261.19215046
202,272006.26696899976,200142.87551600003,6335685.925178714,78524091.31190148,84859777.23708004
203,527842.0562439982,267689.04527199984,5335320.927463468,54906751.960466176,60242072.88792973
204,280936.4199009997,206240.74042999992,6856264.230118678,86015290.99717274,92871555.22729152
205,535566.6752429972,229593.87847200027,4278323.722359989,66549119.243799075,70827442.96615928
206,283777.86105600034,204028.82435000016,6515150.78130142,85213448.03107794,91728598.81237948
207,532218.869602998,210613.53837999972,3831576.976009258,80247181.20006055,84078758.17606986
208,251171.00295499963,185109.72228,5925080.22851654,58814783.78674249,64739864.01525903
209,453417.04932799865,267837.2743470002,5747785.6524742795,10398992.63016486,16146778.282639222
210,262004.80824199965,200326.6817009996,7075546.738045805,39250912.969422765,46326459.70746857
211,466394.9420509989,245381.64256899976,4927438.727195642,31865227.81591555,36792666.543111235
212,270463.3989439999,203432.6122480001,6601704.494475211,44216762.74537476,50818467.23984996
213,464663.65708999836,205146.68806299986,4065549.248245514,53749772.41389389,57815321.66213948
214,270026.12372199976,207149.1737280005,7670981.317856589,63031065.04087827,70702046.35873488
215,460353.2235699986,182380.3632849997,3627000.7343076756,55866743.58413948,59493744.31844704
216,239912.27313799973,177820.75476,5684333.2139263265,31903177.033073988,37587510.247000255
217,411869.0005939991,248305.9044540001,4746410.714255643,-15304121.177363109,-10557710.463107444
218,247374.6681429992,181669.82772600025,6085965.946913486,20539506.073486157,26625472.02039968
219,414065.70363299915,211539.0306610001,3952251.681708877,2417772.0537343863,6370023.735443257
220,250264.28010799998,201047.16365400044,6775217.947379937,13807958.86534634,20583176.812726304
221,400793.04694899975,185898.48474300024,3359257.9568768633,28074372.876249872,31433630.83312674
222,247357.82520200007,191180.2688999999,6531746.8214988345,50587242.422539316,57118989.244038224
223,397520.61364699923,162288.52158499995,2826436.9486715957,49946688.36381841,52773125.31248989
224,229071.96989299954,160646.71898899984,5304681.261724259,-3221692.188983726,2082989.0727405013
225,379876.38032299944,228549.19146500004,4149567.0890057073,-51443315.289408244,-47293748.20040247
226,243568.30042299937,187961.8775560002,6246035.856256307,-21893674.66392961,-15647638.807673337
227,378823.3183689995,199350.65892799976,3750200.6317806216,-4170700.701091685,-420500.06931106467
228,252479.62152400025,189025.08009200005,6599022.939279508,-9466189.53584316,-2867166.5965636526
229,361823.1008050003,165219.7010799998,3099556.5981623824,1253605.1639558794,4353161.76211825
230,253477.64356700008,202362.90496800002,7456407.428003217,15098976.903141828,22555384.331145026
231,345915.33030799916,126275.22878099997,2169852.127021979,32333651.191520836,34503503.31854282
232,244693.49797999975,155788.9826600002,5252169.41569069,1939484.1277571018,7191653.543447821
233,377742.7472929986,206213.76935500014,3566619.4516038657,-72475865.2143214,-68909245.76271738
234,252829.0681439995,175108.7167240002,5870119.445211547,-37253994.983043194,-31383875.53783161
235,383872.2426100007,181881.565752,3148119.771934794,-26337102.73091981,-23188982.95898503
236,258554.2105439999,183822.90957400022,6765270.446797287,-9932180.235466205,-3166909.788668902
237,352942.3566410002,134674.07737599997,2244575.947149267,9800895.842237031,12045471.789386291
238,259058.6618529992,191754.8999290001,6607005.897708091,-25770973.883715667,-19163967.986007534
239,349057.5747139998,119999.77020400001,2093885.3420367246,9949600.421178868,12043485.763215618
240,279122.5867360004,201578.69338599956,6791788.550947422,83884132.08958678,90675920.64053422
241,579175.074610998,332865.8512719997,6913469.442954395,28639953.521418713,35553422.964373074
242,311481.71617699956,233351.63575900026,7877325.203727071,82327779.41050577,90205104.61423281
243,604790.2421689993,307681.54965200013,5613565.515719686,48910336.93175316,54523902.44747278
244,319793.06593500014,241985.92108300002,8218640.226432145,88258353.40028329,96476993.62671505
245,617003.2510069988,267789.4573770002,4931024.841775345,67664729.96772937,72595754.8095047
246,328079.9164839998,245808.04261999956,8367086.273853231,85152603.1981632,93519689.47201625
247,611355.2216399979,252040.6998680003,4950163.52594986,67944041.7550433,72894205.2809931
248,283567.96053299936,204828.16369999992,6329555.255944599,72981970.68236886,79311525.93831356
249,518784.0807849988,313609.843252,6248058.098996812,-3612437.573385057,2635620.5256117764
250,292845.56870499987,218985.31942599986,7061105.340050466,59977149.61111904,67038254.95116956
251,531326.0045569972,277421.35206799966,5364886.6222331235,26172700.88593587,31537587.50816892
252,303797.70282699977,238432.81545199998,8366405.078410059,64912412.32142213,73278817.39983217
253,523453.4724229981,237730.92122700042,4566416.54880909,44881161.41893987,49447577.967749014
254,311181.0052769993,232958.95212700014,8276527.835847762,69737598.29751307,78014126.13336074
255,525838.7831289972,209272.69192999988,3702530.561797063,61540049.49910395,65242580.06090111
256,280492.73319000023,196551.34344099986,6340157.76387112,23363324.629049253,29703482.392920468
257,468422.8165239982,291978.73917200003,5320560.347081206,-40451189.84979111,-35130629.50270986
258,284919.8450209997,211393.34986699987,7169275.802396564,33097247.064396963,40266522.86679341
259,471096.7582969978,248242.12818000015,4376636.761853256,-3291943.7812757227,1084692.9805775313
260,284671.7122779999,215626.1564539998,7274352.617613213,29851086.903261505,37125439.520874776
261,465968.48992699856,210192.94801500012,3574277.666820808,21494021.02442037,25068298.69124113
262,295149.7740799995,234083.22057299962,7789451.1563735055,2390579.6536685075,10180030.810042042
263,459719.7694379984,188968.1220810002,3240441.9626549147,32841722.508060616,36082164.47071552
264,274202.26419,185954.64236200007,6045182.397843415,18127935.9379879,24173118.335831273
265,440488.3083049981,280556.318392,5016582.680901568,-65581231.2560901,-60564648.57518858
266,284463.4679249996,206884.74151300002,6900597.80399904,-8361323.733832634,-1460725.9298335968
267,426963.41989799915,225247.39447999984,3872030.7643582975,-21595677.900942776,-17723647.1365845
268,285792.73439899995,216495.50102400008,7576452.187165842,-34727745.79040562,-27151293.60323973
269,410051.50347599876,182714.56814699998,3230079.451523293,-11104181.054172779,-7874101.602649474
270,287092.1746379999,214681.72221300044,7404823.424334069,28237954.83492546,35642778.25925951
271,407584.00102199806,159101.9880770001,2684495.357986406,31738140.681796756,34422636.039783195
272,274771.66527799977,179322.0060890001,6037832.373621312,14154356.657770263,20192189.03139165
273,426985.95816199825,248719.02790600015,4060496.8933546687,-109087018.3521311,-105026521.45877655
274,289731.55298499967,207812.649499,7446415.381475688,-83864931.2627458,-76418515.8812702
275,425786.0438869989,203674.8674309998,3336791.6706379014,-45338027.93727359,-42001236.26663563
276,300928.8149169998,215634.52067300002,8340385.140550938,-32899444.460037287,-24559059.319486476
277,397925.4935489995,161716.83747199993,2858192.42856416,-6271970.617049656,-3413778.188485503
278,303316.7014070003,220021.2451229999,7641367.056837964,-32162661.16291567,-24521294.106077727
279,403924.23067899956,145536.82237199988,2568872.4407285815,-4768815.656523406,-2199943.2157948217
280,317580.7243929996,228437.13789699983,7490489.684432994,89071165.10981832,96561654.79425125
281,642252.2403839976,379450.26628399914,6849825.734887069,17006333.534416303,23856159.269303437
282,359537.10533899866,265631.72389099974,8292893.037435096,92425294.83414625,100718187.87158138
283,675626.6745199974,347853.7399539995,6036014.1642236775,46243960.81016762,52279974.97439137
284,366040.6301839992,277367.53885799984,8950808.7286531,84766409.16479054,93717217.89344369
285,681633.1351189984,314557.46852599987,5337587.220327104,49320048.15553712,54657635.37586428
286,363154.62987699895,255386.9130489998,8530077.968007633,120665224.93495929,129195302.90296718
287,695088.0804139976,294349.8590780002,4822266.504706562,70222028.07864879,75044294.58335546
288,309468.9994279996,219708.634927,6716999.699573047,72299466.71062328,79016466.41019641
289,584241.3836889981,354141.64089299977,6683412.246410649,-11111794.64279919,-4428382.396388527
290,332439.607594,256576.13470199998,8248286.282666032,41263175.42570258,49511461.70836846
291,608914.5079419988,324094.2723310003,5437405.349387469,27588682.27885812,33026087.62824564
292,344999.35797399946,270108.42370799975,9351966.696071818,64435995.682366855,73787962.37843864
293,607109.8953829993,276748.95132099965,4630976.8023417145,15399333.890191456,20030310.692533158
294,349212.6090730004,270856.0193819997,9294549.687643135,81460187.88148898,90754737.569132
295,599090.2499929983,251297.98982600003,4268563.57342028,47061729.34791077,51330292.92133095
296,304204.65399300033,216132.23830800026,6652695.52878543,40520133.171623774,47172828.700409256
297,529365.5835039979,329644.1194259999,5712157.009331605,-61937616.023645476,-56225459.01431382
298,306182.4287789995,229313.55193700007,7085224.490175801,-8578493.266770061,-1493268.77659426
299,540000.2791869971,294135.88876,4842682.322010397,5292648.434718079,10135330.75672845
300,323442.2891579999,258677.70484400043,8526124.22138905,17530283.388710897,26056407.610099964
301,534337.4022549978,243776.40056199985,3976007.6950974762,16026319.243019857,20002326.93811737
302,326784.02522999997,242424.12203799988,7765919.050158196,32603976.758370932,40369895.80852916
303,512585.67380599753,217815.338621,3729854.904334735,30864393.95262435,34594248.85695908
304,289680.17833400035,203596.3635109999,7005589.481327728,16075120.824324729,23080710.305652466
305,485475.6344919971,303524.3672959995,5015378.8171201,-68975152.40391447,-63959773.58679427
306,295219.5367829999,212604.71717400016,6954983.818658944,-13932590.154040199,-6977606.335381248
307,478868.56931599847,248487.3993010001,4013686.5338543006,-11527414.298112027,-7513727.764257729
308,300041.09940900013,222503.71794200013,7661705.51871679,-41775637.892118625,-34113932.37340167
309,468398.738152999,210143.567173,3362377.390426368,-16446206.056498867,-13083828.666072423
310,313753.10826900066,232906.48485499976,7950399.53142518,-29365190.71673121,-21414791.18530603
311,444902.2324069979,183116.49193700028,2948135.1247911346,3006233.656598703,5954368.781389884
312,297412.7365059999,188477.69999700013,5855361.934944559,-16395293.48913811,-10539931.554193597
313,496743.7735639986,279475.05190599995,4044272.2755034156,-131315536.27518053,-127271263.999677
314,319264.74630500004,208305.77758999998,7091342.866970237,-41665517.84701801,-34574174.98004762
315,487043.527562998,227773.18765099972,3496678.4080983633,-81580145.64158717,-78083467.23348886
316,329451.2800180001,225136.12784399992,7806786.718044301,-69652655.77416708,-61845869.05612271
317,439736.56133299833,173756.40573599978,2660342.211725757,-20179633.207179997,-17519290.995454248
318,352277.97617699916,255962.04347699994,9635469.208669744,-44063435.349936634,-34427966.141267024
319,445035.15281599836,155594.56901999997,2436611.1295313765,-22384543.86043316,-19947932.730901837
320,353426.53572299966,258968.32235200008,7603202.854797352,97857448.26651834,105460651.1213158
321,711681.0782479971,427040.55575800047,7557019.891772231,24232112.315915212,31789132.207687505
322,389188.51890699967,297454.55139799963,9152573.591841169,84587764.9882073,93740338.58004846
323,752334.3969129969,398377.98567299993,6864914.671230615,53106261.868650936,59971176.5398816
324,416912.5116139992,312364.17136600014,10599142.763880538,84264140.25940777,94863283.02328849
325,760009.1480669985,339503.7819499999,5591602.941851425,52724643.38051179,58316246.32236327
326,405968.85683099984,299948.42717299954,9956868.432123758,88275516.07576557,98232384.50788894
327,754259.9488219972,311559.1456190005,5292890.176568123,74761801.08961697,80054691.26618528
328,338449.9877749994,246431.4474389999,7163117.987430734,77411996.78352372,84575114.7709543
329,657734.3945159991,403404.55484000023,6719289.901897922,-27857683.69000805,-21138393.788110174
330,361456.4302839996,276729.6792460002,9106265.354480112,28351232.053556062,37457497.40803624
331,679950.8790849985,370275.73429399997,6373747.961589957,27319430.17110346,33693178.13269347
332,376663.78829500003,292768.6178470005,9828775.319239397,56574545.7221888,66403321.04142826
333,675457.843085998,314981.1327849998,4912098.145567642,24179909.504553452,29092007.65012108
334,380238.0817289994,297099.64599500044,9896147.927029796,50629121.553670935,60525269.480700836
335,666822.2417649988,276055.3788950001,4298485.851165161,48396915.23983677,52695401.091002025
336,331330.3226489997,233142.81925899963,6896415.537953184,36265191.40105093,43161606.93900417
337,593568.8003309977,371469.64659599966,5927710.607749687,-65866915.909114756,-59939205.301365085
338,348301.58576299914,277483.53960099973,9104379.611207798,1597391.4524073806,10701771.063615127
339,599933.0638139981,324051.1603899994,5228502.67023848,-37952394.155630484,-32723891.48539196
340,368520.05219599983,297718.96604799945,10271500.63258512,37326275.29197139,47597775.924556494
341,577629.2884989991,262464.55491399963,4002531.1312610083,7671686.266170392,11674217.397431372
342,362781.6961549996,290201.8005209996,9985202.626960054,26251859.060280338,36237061.6872403
343,575676.2807209976,228772.31854100002,3599943.7905875547,33117515.35816517,36717459.14875269
344,327686.3207449995,218744.869313,6423092.005281897,-16303821.054433359,-9880729.049151465
345,533188.7947599982,334061.35263499955,5078033.830034706,-104027993.47531171,-98949959.64527702
346,343080.05300999834,269855.82326999976,9111024.074559703,-36085139.6615958,-26974115.58703616
347,528773.6631689987,278229.6641239999,4138232.348508769,-63304615.15546354,-59166382.80695484
348,342136.1244229996,257285.92654199954,8838065.307448534,-20937698.097453974,-12099632.790005451
349,504254.1147069992,222588.07992099982,3438410.0350773996,-9453200.251402028,-6014790.216324618
350,359561.6577799994,263574.16418599983,9218782.70800665,-29441442.63764057,-20222659.929633852
351,510241.72477299976,206272.3173770001,3291368.1221545725,23775687.200175494,27067055.322330054
352,334232.3997589992,201341.96234500015,5846400.583590374,-21299265.158202432,-15452864.57461206
353,553168.4294089988,309951.73090800014,4681066.396674557,-134852451.30262548,-130171384.90595075
354,362323.94759699993,241408.23719799993,7818263.277577329,-44178611.97435632,-36360348.69677901
355,550364.331382999,259257.00869499985,3688197.2809891035,-110247186.34591006,-106558989.0649209
356,364909.7724019992,282050.208008,9683684.063260758,-89808595.87121148,-80124911.80795093
357,511161.98219999915,194166.84407899986,2626690.8404075927,-53990775.140491694,-51364084.30008415
358,375758.41802699916,246757.48358800006,8763186.36015984,-72062372.21173102,-63299185.85157131
359,489822.1021279993,174091.1697529999,2686152.5043588695,-2117244.3479364705,568908.1564223685
360,397560.5168960016,284149.26260100014,8442999.42447583,94773108.71836463,103216108.14284061
361,796190.4621899977,473128.77742399997,7789623.343944555,22137937.699308947,29927561.0432535
362,423243.1079900015,318135.4217130007,10016864.684857668,92069902.5474697,102086767.23232721
363,822940.6267849985,446152.86104800104,7425305.897538015,48942530.45186534,56367836.34940316
364,439879.7088550011,334461.96993400017,11327964.507522495,97474311.61906837,108802276.12659052
365,841648.6436289985,375462.8349219995,6028204.283291242,43661578.7965387,49689783.07982998
366,433848.6276970005,319506.2445490004,9639952.742262099,91460274.68234798,101100227.42461018
367,840270.4804800026,349955.09440400003,5462722.002328656,80170470.66202132,85633192.66435003
368,377538.46253400145,277814.1804120001,8454124.55684982,77710331.48969682,86164456.04654647
369,724381.5649909981,440442.5483279998,7138447.604184006,-48363107.427825294,-41224659.82364134
370,397275.1764270014,309293.6549190001,10193291.098395007,17878993.500472113,28072284.59886714
371,745616.767393999,411918.945415,6101550.189453742,-2051267.4395219851,4050282.749931706
372,409670.436929001,309331.86841799977,10555684.226613771,53725581.42491524,64281265.651528955
373,743053.7337889983,339509.1819020002,5216699.457940869,11168507.590331832,16385207.048272636
374,418668.13903100125,308316.2817819997,10025165.249985095,69130875.8254602,79156041.07544535
375,735086.6896539995,308203.2962959999,4789535.230803566,35298430.20135641,40087965.432160065
376,350159.79290700075,245348.13705300013,7287727.2461646665,27877558.90172827,35165286.14789297
377,653477.6662969983,411515.32009200024,6317549.306619378,-119239753.81277348,-112922204.50615412
378,385267.8551750009,290190.954428,9190276.061995663,-11429660.34510945,-2239384.2831137762
379,667572.8008229991,352909.24134999985,4937030.464703861,-31098106.851761673,-26161076.38705777
380,392237.18208800175,308455.3680449999,9664219.28030153,-17014890.822227005,-7350671.541925425
381,645005.991429997,298953.218877,4427350.321745321,7804975.827165,12232326.148910347
382,399039.95239700057,312636.9930990005,10126395.68001616,12376833.006319655,22503228.686335888
383,629748.2312509975,247971.85774999988,3557343.6248728316,39334972.98049788,42892316.605370745
384,365185.9998860021,240163.47162500015,6962613.899455707,-40412388.934201,-33449775.03474543
385,606601.6161909992,374679.04304400034,5811557.646545351,-155371494.47797742,-149559936.83143213
386,376471.22734400176,279186.8878739999,9087540.683720721,-61849957.080620654,-52762416.396899976
387,607883.3690739999,319888.35752799956,4630936.224592978,-78522718.20084947,-73891781.97625642
388,384609.16993300087,280398.5615300001,9598056.970378494,-31447479.90476115,-21849422.934382692
389,572549.0153329986,257906.88561899975,3694053.0250696237,-29830104.226249438,-26136051.20117981
390,383229.3699720015,287537.4106280003,10046975.160528855,-38598375.38051383,-28551400.219984856
391,550080.0607269993,220309.84752299977,3297058.780535925,30874788.45579405,34171847.236330114
392,365266.39995600155,221724.35684299996,6538541.581651723,-33222364.295928475,-26683822.714276794
393,600122.2704990003,327164.3833369998,4176047.007903919,-128858347.44760177,-124682300.43969788
394,385004.386765001,255753.772302,7889174.266763487,-56921683.763817064,-49032509.49705358
395,604669.4855659984,287470.838706,3525453.2530926275,-143850369.20955926,-140324915.9564664
396,393770.9121590014,257157.25794600014,9055590.969932895,-63821970.33487266,-54766379.364939615
397,572327.6348620005,220372.6402910001,2948835.663232904,-18937155.00110054,-15988319.337867633
398,417683.15733300126,279514.82561,9797191.420286933,-41760105.79676035,-31962914.376473323
399,551051.052404999,190069.27410100005,2512902.542039887,12807960.340287274,15320862.882327138
base,331905.7436200001,345915.78490099957,6664211.336797585,-156130014.3592384,-149465803.02244055
