,wind_mw,pem_mw,pem_bid,e_revenue,h_revenue,NPV,freq_day_0,freq_day_1,freq_day_2,freq_day_3,freq_day_4,freq_day_5,freq_day_6,freq_day_7,freq_day_8,freq_day_9,freq_day_10,freq_day_11,freq_day_12,freq_day_13,freq_day_14,freq_day_15,freq_day_16,freq_day_17,freq_day_18,freq_day_19
0,847.0,127.05,15.0,-9055357.88282732,36096967.64765312,-1341216207.9948745,0.046354220278866466,0.29815764072910844,0.009903500184961691,0.02550288018684653,0.06112060864703008,0.03882722836153228,0.020040254370179752,0.02073471220824599,0.03326064537196359,0.05475503069882677,0.08503818849303107,0.009690701133517533,0.04347449637120462,0.01591611323005571,0.013622102486258315,0.11395852341148335,0.03854851810564158,0.020935674760630237,0.012776231875337041,0.03720401223281524
1,847.0,149.85384615384615,15.0,-7898625.688668026,40017292.39153389,-1318566153.4033933,0.04644520724114972,0.2989459270655471,0.010018919466684246,0.02546940512280278,0.06101081323375839,0.038912955926823846,0.020242005889558004,0.020752111047556462,0.03314280060377101,0.054740157003572834,0.0847476797257603,0.009760025558983667,0.043483188264779274,0.015865886289866703,0.013546966700479,0.11371993992214732,0.03841802469182928,0.020815982754323798,0.012784507082474836,0.03745201683618754
2,847.0,172.6576923076923,15.0,-6748900.6468165135,43675399.280810885,-1299958758.377481,0.046497346314670694,0.29942529772995563,0.010113820330182498,0.025385899959502904,0.06104348505835495,0.03897198434317296,0.02045707845998983,0.020728728528296013,0.032965839678920236,0.054772115532607385,0.08460586215625954,0.00983357159462579,0.04346632222343024,0.015769982864402607,0.013530828668228719,0.11360781252548668,0.038399776878639845,0.020657052440474562,0.012777790238005595,0.037647223625688946
3,847.0,195.46153846153845,15.0,-5609964.218244731,47053082.549175866,-1285725356.0055518,0.046519169692140636,0.29960278829399983,0.010197808058380992,0.02526057615553583,0.061192654329571605,0.03901532441770382,0.020686417696320715,0.02067239603374475,0.03274565964662712,0.05483934209401804,0.08460351634942187,0.009906282979924073,0.04342911154850662,0.01562592147831078,0.013563298490106365,0.11356315316219756,0.038460911985078214,0.020454685540258095,0.012763619354403519,0.03776375397456877
4,847.0,218.26538461538462,15.0,-4485695.542324626,50099237.67726758,-1276692472.3344266,0.046527565332743846,0.2995708240174257,0.010282166794551788,0.02508441819537221,0.061418114676217814,0.03905099907913788,0.020929275651776935,0.020590151840101857,0.03250559458847768,0.05492655229599899,0.08469577156031637,0.009978518390931512,0.04338380266516531,0.01543680241737971,0.013634950994993766,0.11354100094471589,0.0385467068009632,0.0202172704580908,0.012752374658307695,0.037809975767757985
5,847.0,241.06923076923076,15.0,-3380017.5386206266,52754689.62474109,-1273808415.7765136,0.046543413559054884,0.2994522645204452,0.010379185946795986,0.024836036665751265,0.06167660171525927,0.039088569701107446,0.021181592919120723,0.020487939696156164,0.03228077451523334,0.055014380784047266,0.08482188732944246,0.010053857772165112,0.04334705649846142,0.015210118963456353,0.013738565916415837,0.11351601443592486,0.038586664537742836,0.019959251337541353,0.012755698200991279,0.037816293549881044
6,847.0,263.8730769230769,15.0,-2296827.3592786114,55075356.90469634,-1276293960.2951164,0.046588425309423684,0.29935405195042925,0.010500848794253776,0.024485394646258922,0.06193490247858385,0.039146750804098046,0.021436607408732877,0.02037067226012496,0.032117482587700044,0.055079638935977816,0.08492758295139757,0.010137009270698334,0.04333711822165688,0.014955170011542365,0.013869662781454573,0.1134845928799604,0.03850531502052588,0.019695557331554422,0.012784004172681466,0.037818527039964314
7,847.0,286.67692307692306,15.0,-1239914.9595942907,57152953.945923164,-1282831064.6310892,0.04668165377743115,0.29933354420092495,0.010656540993220819,0.02400130526784663,0.062178095751769275,0.03925769495083506,0.021686148982587118,0.02024372263263175,0.03206548993117748,0.055096809544842265,0.0849791561469734,0.010231905474909618,0.04337049306577927,0.014681113367842507,0.014025320358350576,0.11346230026734433,0.038236107449510885,0.01943829780432672,0.012843491217869147,0.037846943746420815
8,847.0,309.4807692307693,15.0,-212875.95396083224,58887929.379057094,-1294968908.5107625,0.04683234124447359,0.2993840569876978,0.010848743168975888,0.023370906618600574,0.06240497862052957,0.03945842952343638,0.021920799621343873,0.020117740384207404,0.032157553339308184,0.05504483700818343,0.08496126050099961,0.010339359727866211,0.04345488931368112,0.014398612788763122,0.014200020054706344,0.11347818555205993,0.03774766884838689,0.019194552137950367,0.012932775330134311,0.03792153370895993
9,847.0,332.2846153846154,15.0,780977.9415750479,60326807.28023934,-1312060242.861145,0.04702970899969416,0.2994547800748331,0.011066742416874645,0.02262454844976888,0.06261024693631259,0.03976836515587352,0.02212948311002681,0.020015382402805048,0.032376905839060485,0.054922006934160224,0.08486252310624616,0.01045472803142641,0.04357762643574064,0.014124831624404546,0.01438021929923568,0.11357105558102755,0.03708811549182787,0.01896458950929182,0.013040122131820136,0.038043712188947656
10,847.0,355.0884615384615,15.0,1738703.0123333018,61419225.47119521,-1334906074.101572,0.047241647267878946,0.29949447408822377,0.011286930594097262,0.021831830745580545,0.06277385184238707,0.04017704467252291,0.022301434374400953,0.019968242187171435,0.03265321434213227,0.054752467422913766,0.08466610963916467,0.010568471177623906,0.043703831220538274,0.013882986753774385,0.014545429024067278,0.11377814027758235,0.03638990353751916,0.01874350114790142,0.013146341900902674,0.03819706118320323
11,847.0,377.89230769230767,15.0,2657796.3486350696,62254810.33781177,-1362199909.9059024,0.0474313967724991,0.2994694710262414,0.011487494197528998,0.02105695899207377,0.06287506579905902,0.04066232044601756,0.02243101595964117,0.019997171292870288,0.03291741351891984,0.054566412804946965,0.08435948723351427,0.0106704788703684,0.04379749436670862,0.013690766921885495,0.014678671138421149,0.11410090287973651,0.03578167566436863,0.01852836007975303,0.013235792031318703,0.03837608209600181
12,847.0,400.69615384615383,15.0,3536251.581263726,62911064.48813076,-1392809558.9996192,0.047573215583282535,0.29935431817532604,0.011659866300414524,0.020326157695779532,0.06290278403635696,0.0412080682037544,0.022520533040884413,0.020097652286979958,0.033142944960740314,0.054381517647191624,0.08394925576110132,0.010753574721000135,0.04384060888220054,0.013551329310250321,0.014773694141076337,0.1144898782331445,0.03531692176922685,0.018326825538724955,0.01330468418583711,0.038604437069562826
13,847.0,423.5,15.0,4372592.837526991,63446427.795321725,-1425880737.8426247,0.047654346102461685,0.29913500756230743,0.011804600201984447,0.019639184053030778,0.0628458979514165,0.04179901950678889,0.022577571142811968,0.02024657159968672,0.033328161523878956,0.05420612201722316,0.08345863038820237,0.010814138146161032,0.04382948865894875,0.013456423364404745,0.01483252621251421,0.11487739380450677,0.03499253164990064,0.018158392133871052,0.01335862423961753,0.038918322505653156
14,847.0,127.05,17.307692307692307,-8509533.674853198,36068882.38251341,-1333247010.4307,0.04638336636549491,0.30013716361442927,0.01014363683898368,0.025487913508978496,0.06084383574673111,0.038354935235645135,0.01997782696454724,0.02113547343418694,0.03261275261210726,0.05477855016057612,0.08562836583391942,0.009620224803980915,0.04362261933837529,0.01576417790715554,0.013784415105941037,0.11290917044688378,0.03836703792722318,0.020885782345239783,0.012897136140571067,0.036936972267598525
15,847.0,149.85384615384615,17.307692307692307,-7289178.220390676,39975189.58084888,-1309829263.0915492,0.04653735274654807,0.30063510599563426,0.010296323565308057,0.02538087771781823,0.06051590736086953,0.038458570617449075,0.02018314570461597,0.02120935482057139,0.03262915919110565,0.05467378205112541,0.08529707017879842,0.009694510504984702,0.04377876317654085,0.01574887919358077,0.01366388357555502,0.1127498799674771,0.038018660396615105,0.02084529798739223,0.012930960954908598,0.0371466448956382
16,847.0,172.6576923076923,17.307692307692307,-6083286.972972097,43615066.18312498,-1290632026.5529938,0.046648070493483386,0.3009832469123486,0.01043011742567206,0.025218839041560387,0.060327163228651476,0.03850282376105446,0.020390758526496765,0.021234816683008296,0.03257484270369278,0.054618291553885645,0.0850792436073121,0.009783293888085546,0.04389338611998161,0.01569045414707177,0.013621869321471082,0.11267240066827355,0.03774571711827761,0.020776220348826556,0.012947710093876609,0.03738079667324813
17,847.0,195.46153846153845,17.307692307692307,-4896251.453243835,46972111.58437539,-1275968923.067218,0.04671915747445665,0.30109730041196325,0.010553664405519358,0.02501976029648794,0.06027257368322043,0.03851045924755623,0.020607096949271594,0.021220435711247643,0.03245540834519905,0.05460581866772518,0.08499887393204156,0.009875417242936427,0.043967860723012016,0.015578661699192097,0.013641224762463704,0.11263961829615605,0.03755389444117344,0.020658047369877197,0.012954647636375409,0.03758297386392567
18,847.0,218.26538461538462,17.307692307692307,-3732311.9473905014,49995506.078012615,-1266667756.3821855,0.04676756803223417,0.30102554036096907,0.010677027388843656,0.024776709613730307,0.06032979589731233,0.03850505444351414,0.020838230156124977,0.021171185571017406,0.032290841730811676,0.0546238082098559,0.08503326995262254,0.009967147687365289,0.04401150517744506,0.015409577375435884,0.013708128739009092,0.112615382101418,0.037413818924263154,0.02048876390114641,0.012961585891179638,0.03773034443658375
19,847.0,241.06923076923076,17.307692307692307,-2595531.2853137827,52627621.85547639,-1263655767.317026,0.04681843687176036,0.30087918395751356,0.010811405552142064,0.02446334555263206,0.060469264416621024,0.03851264557295142,0.021085588761827884,0.021088625261462754,0.03212316836402036,0.05465185361722657,0.08513227403017049,0.010060329789088884,0.04404054741316166,0.015185795109699645,0.013814441389907717,0.1125764173943997,0.03726010825143363,0.020277614597361496,0.012979721623395737,0.03782955855626826
20,847.0,263.8730769230769,17.307692307692307,-1489747.6781085613,54927618.81284885,-1266104182.3209643,0.04689930347639489,0.30076674523316543,0.01096819407245966,0.02404046397388965,0.06066527630500867,0.03856855249385913,0.021344029210478385,0.02097413746716242,0.032016150058146155,0.054661317683537144,0.08523654481134559,0.010159661456027497,0.044074932425529165,0.014915405124642674,0.01395654144694834,0.11252349881615253,0.03700300841786499,0.02003806164260794,0.01301968588865292,0.03791223301376347
21,847.0,286.67692307692306,17.307692307692307,-418512.1307989435,56987586.322727665,-1272685660.3318305,0.04703249246133812,0.3007472936633092,0.011155018884284686,0.023469566270914188,0.060900979211171775,0.038719948494459894,0.021602216504735212,0.020834459868365716,0.032039434797870574,0.05461957486611799,0.08528968705436465,0.010269768246952995,0.04413208319149416,0.014611311584381599,0.01413165925151801,0.11248543175567997,0.036556209835307024,0.019783853941128526,0.013087555620698247,0.03802514613674424
22,847.0,309.4807692307693,17.307692307692307,614981.9594264069,58709637.41831449,-1284918221.343563,0.04722126763056419,0.3008153046224627,0.011366734467244,0.022745098995626094,0.06115737042170102,0.039008257982880816,0.02184397459837825,0.02069071299713194,0.03222447009468914,0.054506813686600965,0.08524004527996094,0.010391148446377596,0.044212202580359024,0.01429425503095829,0.014330443037373908,0.11251761591775027,0.03590058871153976,0.019526017719993502,0.013178852502224407,0.038206815161657484
23,847.0,332.2846153846154,17.307692307692307,1607967.9459853224,60139360.99403197,-1302160270.9277897,0.04743924115760752,0.3009237066839302,0.011579820992057711,0.021925168456633542,0.06139647164715494,0.03943810489749822,0.022051184236538922,0.02058258837184077,0.032518643223906483,0.05433667684558804,0.0850437352073827,0.010516712750376094,0.04428409960490948,0.013996121002913336,0.014530578703160263,0.11268223411796001,0.03514725305534548,0.019269471655919686,0.013276036158563516,0.038457343666518685
24,847.0,355.0884615384615,17.307692307692307,2558166.9014949603,61224996.97920243,-1325223573.4072876,0.04764496666027029,0.301008631782277,0.011767989015766488,0.021103555987861584,0.06157389405409187,0.03997973664184418,0.02221040585909223,0.02054808522419513,0.032823168964885595,0.05414338826542225,0.0846834967838379,0.010634037842770918,0.04430234885656879,0.013749020376050877,0.014704384772846878,0.11298884524035736,0.03446851388691163,0.01901563167629301,0.013359146597948632,0.038753710898471884
25,847.0,377.89230769230767,17.307692307692307,3463832.0651149903,62050994.33141782,-1352867707.084733,0.0478053144884966,0.30101181728909737,0.011921774419903214,0.020341276380579837,0.061661192174886144,0.040601735348640054,0.022319268388789844,0.02059459060978621,0.033078802892884625,0.05395016313766941,0.08417556412571806,0.010731975087851224,0.044242799303349005,0.013567133762946023,0.014834434617373098,0.11336346338268188,0.033958797737127455,0.018775880348097792,0.01342102917593611,0.039104201200218
26,847.0,400.69615384615383,17.307692307692307,4323773.813593327,62691797.61980843,-1383993815.4119473,0.04789808409482656,0.30092445821581837,0.012044888764608823,0.0196495501659229,0.061638658094705194,0.04127779024471643,0.02238413899101352,0.020700063851145846,0.033277397402530044,0.053768338847112504,0.08354038120769773,0.010804155814530834,0.04410939193613136,0.013446905748024535,0.014916990100515923,0.11370175005838595,0.033618212066639584,0.01857871734278015,0.013467640755234043,0.039561930062572685
27,847.0,423.5,17.307692307692307,5137361.495330386,63203787.75972124,-1417765519.2457445,0.0479071186330617,0.30082579935900283,0.012143134997290765,0.019022033788485247,0.06148538076032309,0.04197539055313552,0.0224114662133825,0.020835016931478625,0.033434439698329294,0.05360748714769602,0.0827628491754918,0.010849421885410328,0.043920686220843996,0.013381648800037544,0.014956839610965611,0.11392299399564623,0.033395853849983524,0.018460222946077,0.01350738552815795,0.04020598789956561
28,847.0,127.05,19.615384615384613,-8074280.239947583,35962962.34469533,-1328145575.3384683,0.04630730485211105,0.30746116117382793,0.010528847603151618,0.02604009434994403,0.060553430479659755,0.03764173157067954,0.01969085303311998,0.02150596215244053,0.031624298453066454,0.05479959627807243,0.0849377703325703,0.009568900192250016,0.0429723191393637,0.015582955540684264,0.0140041128461447,0.1086259546001292,0.037604366397329975,0.020804058101816358,0.01301556242213214,0.038279990197396786
29,847.0,149.85384615384615,19.615384615384613,-6782545.350530633,39863972.68199541,-1303710037.874815,0.046540160777870834,0.3066649133212906,0.010678379684391821,0.025788224548812026,0.06009489174827629,0.03784748991346135,0.019952010917417013,0.021606635378902058,0.03179549864949792,0.05461892922817652,0.08484917892138981,0.00963602007774719,0.04341562858468889,0.015579607598840096,0.013808982183234049,0.1091303199087082,0.03723535048132203,0.02082631038230857,0.013073783294132994,0.038040967477166045
30,847.0,172.6576923076923,19.615384615384613,-5512807.473607736,43493736.75588958,-1283683074.6598434,0.0467330924118656,0.3060710416939102,0.01081812431531073,0.02547590988097333,0.05973981357252933,0.03795311016323317,0.020194442189155958,0.021655085203834235,0.031908706465509175,0.054474794076953846,0.08475880009419114,0.009733696220405597,0.04378322681328792,0.015546354428089836,0.013716247897361231,0.10954134855497268,0.03683032242331723,0.02085244463908054,0.01311371383386066,0.03798977076702352
31,847.0,195.46153846153845,19.615384615384613,-4270572.427524395,46836329.839086816,-1268388296.2282495,0.04688155204385038,0.30553787064329335,0.01095834099689794,0.025140187307320695,0.05950292205572008,0.03798159197035648,0.02042633116303685,0.02166201497558641,0.031944753501661,0.05437042657329685,0.08473393443115741,0.00984515259127183,0.04406815889747615,0.015462891470164983,0.013704703291183064,0.1098550386030154,0.03643356653219891,0.020835474105654273,0.013143789398757244,0.038050190090164145
32,847.0,218.26538461538462,19.615384615384613,-3060762.541889581,49839628.27881516,-1258683558.5274882,0.04699846827949213,0.30503506965078303,0.011108045480434564,0.024782452608414426,0.059379540525195534,0.03797021679804069,0.020658419667624318,0.021633625126288455,0.031912261184889476,0.05429875751659423,0.08477710791706987,0.009960527966070467,0.04427425505699415,0.015317129581410101,0.01375394340255474,0.11007228539352297,0.03605564716812818,0.020755383456366308,0.013174603603021008,0.03818113564031621
33,847.0,241.06923076923076,19.615384615384613,-1887734.612435099,52447663.80043916,-1255475717.744616,0.04711196492604515,0.304611507216903,0.011275907714349054,0.024371821582145004,0.05935752450116788,0.037967583631342575,0.02089805715027804,0.021568426444347047,0.03185980494064119,0.0542391244651883,0.08485199933438663,0.010077984152354119,0.04441623542812847,0.015105702674125848,0.013854306092775114,0.1101894848878756,0.035648784077535356,0.02061282039896624,0.013216566069197248,0.03836494799221128
34,847.0,263.8730769230769,19.615384615384613,-755284.4392637509,54722475.798798144,-1257892137.496831,0.047255664103083864,0.3043313420772596,0.01146977812909581,0.023857497509398484,0.059428556933882715,0.0380374889975621,0.021144688777506148,0.021463574574873898,0.031871139503688674,0.0541581310753514,0.08490398803727332,0.010200571716401386,0.044513710347219806,0.014833207754614173,0.014004525020696382,0.1102193285052757,0.03512106542395939,0.020417077769095245,0.013278077510084604,0.038610260660088255
35,847.0,286.67692307692306,19.615384615384613,333363.68853745767,56756759.89736405,-1264591356.6623154,0.04745143109640197,0.30423204055457465,0.01168854718153057,0.02319340806511844,0.05958206401117086,0.03825224072729284,0.021387703950459303,0.02132725515048962,0.03202894123616843,0.05402165490166405,0.08486257479393648,0.010331864760506734,0.04457902644058891,0.014514138071898277,0.014202223118021448,0.11022086106326882,0.03439474970947647,0.020181667508339267,0.013360820765565875,0.038952248984139085
36,847.0,309.4807692307693,19.615384615384613,1375574.5713406974,58454236.97010664,-1277058686.490428,0.047686359650058026,0.3043232247743425,0.011908759690539854,0.02238828705667952,0.059777171791928006,0.038654316261207564,0.02160755505333281,0.021193300446566248,0.03233698801834656,0.0538250687604593,0.08464243817984196,0.010469943281005313,0.044596016234204124,0.014179992476634883,0.014430108075137303,0.11030158020455066,0.033517171874419625,0.01992344380066566,0.013452681670405916,0.0394181004297135
37,847.0,332.2846153846154,19.615384615384613,2369319.963777879,59859724.93791007,-1294652751.0431538,0.047914956809781216,0.3045784057979479,0.012095618085557744,0.02153452890962074,0.0599430349138978,0.03922208721918108,0.02178230491913389,0.02111310717788473,0.03269556844292872,0.053602306477328394,0.08418362038708006,0.010603426132335848,0.04452139037703908,0.013878289282693992,0.01465192893822308,0.1105205499577183,0.0326775383951631,0.019657129948950903,0.013531471691202515,0.03999234525847777
38,847.0,355.0884615384615,19.615384615384613,3313188.4561486924,60921773.78527184,-1318167325.9624019,0.048091144089823026,0.30493398631391844,0.012236900697624559,0.020740620516500104,0.06002271857755236,0.03989979225266423,0.02189888332702258,0.02111444406423403,0.03301030196091721,0.053386110508381455,0.08348320394629992,0.010716984580921062,0.04433189620386094,0.013649313306039936,0.0148317074622243,0.11077810230246664,0.03202305104801908,0.019402346715148882,0.013584687980083311,0.04066958928665039
39,847.0,377.89230769230767,19.615384615384613,4206381.269956423,61720987.166353054,-1346405120.8479915,0.04817662256876374,0.30538389448329695,0.012342829375123352,0.020052211220239265,0.05998004962518593,0.040635736251020675,0.021956797374744555,0.021184068388405985,0.0332645118546048,0.053193224070456756,0.08253879565012313,0.010800255756850442,0.04404885874278061,0.013510554536077182,0.014951576853361324,0.11089128128005647,0.031560351814381035,0.019200898825698916,0.013617518395340122,0.04152023653667166
40,847.0,400.69615384615383,19.615384615384613,5048690.916835848,62330053.52231253,-1378278534.4662876,0.04813809107758501,0.3060496363707898,0.012426889284863638,0.019465546197182156,0.059785775394215424,0.0413833927039483,0.02195896038637949,0.021291722897349284,0.03348947846715958,0.05303705519973057,0.08129316512460212,0.01085044353059066,0.043713177459587804,0.013465934380217657,0.015010471237930133,0.1107181739643572,0.031214105112515406,0.01910481161253475,0.013640665921995856,0.04267375830949547
41,847.0,423.5,19.615384615384613,5840461.723080635,62803385.94983002,-1412965729.721568,0.0479574399967684,0.3071431284658885,0.012497439380271433,0.018970377217583198,0.059415942951136606,0.042097632927294716,0.021905140667687305,0.021413226575037365,0.03372411333621444,0.052924224505463545,0.07965918872690278,0.010871475469467031,0.04335147299260673,0.013515700981059631,0.015018135327789424,0.11017839710674102,0.030882473709228496,0.019153322439108916,0.013659244807787197,0.044257798722698784
42,847.0,127.05,21.923076923076923,-7777455.502142254,35703579.498873085,-1327475050.815508,0.046128354204337224,0.32400243182452465,0.01124728379170083,0.027607329012696327,0.05991544611157684,0.03652781659739703,0.018934581311284417,0.02197184032686268,0.030300594348123145,0.05465821667466503,0.08141393995915695,0.009549531868983701,0.0407595899198143,0.015473313054994171,0.014272080592534249,0.09758956471034963,0.03536067532254962,0.02083346292788926,0.013140909813921898,0.04357266211966791
43,847.0,149.85384615384615,21.923076923076923,-6408951.206770919,39580052.43989422,-1302227597.0694594,0.04641259317955891,0.32259425349712345,0.011408189324803305,0.027313113232672527,0.0592911614668587,0.03682309215168961,0.01921225829886641,0.022082910227391412,0.030565485090452458,0.054410158644558136,0.08147467001407312,0.009602680397559954,0.041398333982639264,0.015457662026714251,0.01400291971902327,0.09863023859502364,0.034941543972195586,0.02089852150831206,0.013229316468925454,0.043051350605967216
44,847.0,172.6576923076923,21.923076923076923,-5068514.980542159,43188216.23100907,-1281437969.1328855,0.04668980501008553,0.3209992321593584,0.011528544309242461,0.026868531018266747,0.058746198582291166,0.037038557136935976,0.01948431021535528,0.022121869332202667,0.030849367102707605,0.05417818531137862,0.08153026651400078,0.009702921978581863,0.0420387230047657,0.015428780943334953,0.013843339204785953,0.09981239357534304,0.034468260753493275,0.021024766021780637,0.013295801996347714,0.04264790881078459
45,847.0,195.46153846153845,21.923076923076923,-3763605.7553773564,46511638.83845999,-1265467414.5201626,0.04694274413909123,0.3193719792135696,0.01164043602874675,0.026358617413389265,0.05831824278636272,0.03716840536236494,0.01974819997387795,0.022108282580311677,0.031088039540721885,0.053976379479601176,0.08164247075260597,0.00983167220107174,0.0426141417642962,0.015357973814611021,0.013782376077083384,0.10092885812979904,0.03395474244257707,0.021129562660230135,0.013349871187452506,0.042360357290984835
46,847.0,218.26538461538462,21.923076923076923,-2500477.123231196,49491042.32747324,-1255301613.864439,0.0471667557642739,0.3178844530749474,0.011770579479565986,0.025829798156597358,0.0580207262049286,0.03724152388190465,0.02000474177537739,0.022060374966881954,0.03125589951756136,0.053805726136552094,0.08179574773966321,0.009971505649554405,0.04307174980678864,0.015224557789134318,0.013798003420196804,0.10185068687280563,0.033413434989409664,0.021154780041416302,0.013404655878497892,0.04222933342956639
47,847.0,241.06923076923076,21.923076923076923,-1284220.2808959642,52074244.38824357,-1251801899.2457857,0.04738008775298157,0.31669703506418606,0.011935631339023001,0.02527005607206945,0.05785278315450473,0.03731874603228299,0.020253713708819777,0.02198234299991017,0.03139992455693093,0.05364481253438242,0.08191469337236836,0.010114406265720067,0.04339011278108043,0.015020752731841662,0.013879234330715248,0.10250375129946208,0.032792372808763966,0.021081651609547995,0.013471125988254675,0.04230805607140239
48,847.0,263.8730769230769,21.923076923076923,-118832.0016876884,54322690.1661996,-1254107641.2685826,0.04761404820384673,0.3159365736901781,0.012142456111974082,0.02462710398034475,0.057809564703181604,0.03748813701397736,0.020490528803964136,0.02187247124721145,0.031622701921787795,0.05345429715202979,0.08189771623329085,0.0102605327430201,0.043574389660948745,0.014750727233184689,0.01402643698686651,0.10286604607853991,0.03198457058369519,0.020918611130638705,0.013554881276144494,0.0426478021294648
49,847.0,286.67692307692306,21.923076923076923,992707.2681179093,56325396.48578204,-1260928835.8292663,0.047875769736771955,0.3157036295245199,0.01237323200374639,0.02385418208622602,0.05786037423322711,0.03783537734648623,0.02070260607337757,0.021745607620062,0.03200277545036419,0.05320851278619683,0.08161463747109948,0.010411505721553705,0.04363018384716625,0.014436460229156563,0.014234711838182788,0.10302185385871251,0.03094638592567698,0.020695689591874105,0.013649559369532783,0.04330094699341504
50,847.0,309.4807692307693,21.923076923076923,2048355.957414718,57986997.53792381,-1273727963.0645177,0.04811796960742714,0.3160783560520517,0.012578930203433631,0.022984609006182804,0.05791885235260679,0.03837954930569568,0.020869383536513447,0.021648607622620476,0.032495165435107186,0.05293462752788401,0.08092574944674621,0.010560954425745854,0.04353876005314226,0.014129889292907347,0.014473549241837254,0.10311169114863515,0.02983147870110409,0.020457539423177375,0.013732276401366518,0.04428299081407598
51,847.0,332.2846153846154,21.923076923076923,3046933.032098011,59354524.374237865,-1291817412.2276897,0.04827515488422293,0.3170270364022544,0.01272859963985847,0.022144155332456193,0.057896848247845856,0.039057908782342596,0.020970912160701478,0.02162732190848339,0.0329851907948289,0.052681913876371195,0.07978317503171878,0.010691394835223396,0.04328858604344459,0.013899607263445182,0.014691574384810398,0.10309051402297727,0.02885985992250782,0.020243030854556872,0.013781139057442856,0.04556192510263949
52,847.0,355.0884615384615,21.923076923076923,3988038.7049460625,60382100.24549234,-1315891773.2562432,0.0483020287300997,0.3184376185166492,0.012834567216235288,0.0214352739473747,0.057750483867914065,0.03979160354239595,0.021000138838287462,0.021682495210058897,0.03342316522174563,0.052474477037771756,0.07822363983617076,0.010786087898000014,0.042916710027671286,0.013790254339016593,0.014847963981382554,0.1027256234618927,0.02809832418855254,0.020094332706083823,0.013796505875021584,0.04714201507099042
53,847.0,377.89230769230767,21.923076923076923,4871971.795358461,61146969.44834907,-1344787294.7969427,0.04816976390190908,0.320263756766937,0.012917604422981522,0.020869492754249316,0.05745724210231383,0.04052878080979869,0.0209615876617668,0.021781729345917194,0.033826076066464164,0.052322395833937455,0.07626087878261902,0.010839479121631626,0.04248321847561637,0.013808463497263519,0.014927952664935306,0.10186942432924813,0.027492851254356448,0.02006156144455532,0.013793255988077924,0.049088538044764485
54,847.0,400.69615384615383,21.923076923076923,5699641.432411348,61718858.78300894,-1377443653.9979565,0.04787028990010073,0.3225059042893589,0.012987175670392929,0.020410615652244193,0.057007618254733036,0.04124049776553861,0.020863329191591118,0.021891133638706074,0.03422527677825786,0.05222949753458076,0.07388402390523341,0.01085641641468503,0.042032799405030616,0.01394039933256638,0.014937128945891144,0.10055429387521485,0.02696881160334282,0.020176898304846227,0.013782937707044349,0.05145145739933417
55,847.0,423.5,21.923076923076923,6472475.543728193,62151374.4386114,-1413034464.921565,0.04742231601849289,0.32512445115194544,0.013038943968000337,0.0200207721230236,0.05639974095822814,0.04190438109401537,0.020717736223463196,0.021988147561536425,0.03463772523600983,0.052188804734643685,0.07112964580836768,0.010848420211348419,0.04158723695576107,0.014165994113380454,0.01489350891268119,0.0989209665251352,0.026468424997834295,0.020447879287069752,0.013768269707521182,0.054189755409156014
56,847.0,127.05,24.23076923076923,-7635253.984973677,35471617.7324274,-1328769972.865445,0.04614430914429679,0.33746644891776756,0.011712366982536122,0.02902600685997798,0.059744032719366104,0.035691551128261695,0.018451266044567174,0.022205701372196067,0.028873283502723605,0.054579759313523185,0.07901793569269185,0.009592264392216209,0.039021183994023344,0.015257199426311773,0.014469519892233013,0.08739114643388722,0.03390015976988687,0.020735753465932313,0.013225862924688466,0.04708054309737194
57,847.0,149.85384615384615,24.23076923076923,-6191261.742435132,39279627.96678666,-1303389462.181927,0.04641006330126806,0.3385477967629823,0.012053961614171507,0.02905096358741578,0.05888204484896595,0.035920414637659624,0.01857482099092468,0.022391231864729,0.02907751351334628,0.054243898470177014,0.07838694845333821,0.009618266837120217,0.03928984771503084,0.015243593844167057,0.014161165173398675,0.08670755585949014,0.032922212539550466,0.020834861857354614,0.013350835596248186,0.047679238723387155
58,847.0,172.6576923076923,24.23076923076923,-4777691.554849768,42812071.96360703,-1282611866.5009801,0.04668842685353852,0.3391829503745359,0.012323428571383185,0.028844031283420776,0.05800796810467268,0.03611545579878794,0.01868771612076448,0.02248533787590234,0.02943025800220458,0.05388434433659844,0.07760873442335009,0.009702102339969779,0.039637938147541796,0.01524820665207144,0.013951334289284828,0.08637099395405505,0.0318512009646495,0.021079199311927466,0.01345166719789095,0.048424780589047096
59,847.0,195.46153846153845,24.23076923076923,-3405008.557715231,46060536.696010955,-1266724309.7380586,0.046975403519322174,0.3393695432241496,0.012536800000948518,0.028465415493078045,0.05719444873860687,0.03626549272919883,0.018800964366095886,0.022503824911019887,0.02987025354104316,0.05352823569663708,0.07680315882482983,0.009831971939614464,0.0400261689516303,0.015238308008241835,0.013843322736277012,0.08629817466478884,0.03071591764680397,0.021372064415589365,0.013533632346251505,0.04922242048877063
60,847.0,218.26538461538462,24.23076923076923,-2081790.0770872163,48963020.57648708,-1256789066.20051,0.047259194338899975,0.33922588030970513,0.012729512524097805,0.02798245484186396,0.056520374490624706,0.03639267539578387,0.018928179601232765,0.022473170938375163,0.030333356082262924,0.053198581477169354,0.07606324288453004,0.009985655054838963,0.04039299417139832,0.015178351146444708,0.013819548994610622,0.08637343117477514,0.02956637674565299,0.021593055441546986,0.013610672545044823,0.05002128006846919
61,847.0,241.06923076923076,24.23076923076923,-814688.5502074576,51482021.022313625,-1253471178.4031827,0.04753617950814979,0.33895003665408624,0.0129341066555959,0.027406110701948323,0.05604828085080742,0.036557553004062826,0.01907184330379141,0.022404667680974585,0.030836279531050746,0.05288946583179871,0.0753725418761942,0.01014691819183913,0.040689927642451613,0.015049628827906955,0.013870648080343752,0.08649193778192624,0.02837804045722818,0.021670544843536543,0.01369510403503514,0.05087026107312628
62,847.0,263.8730769230769,24.23076923076923,391482.4368071094,53684070.88906881,-1255846225.2205937,0.047813254018111276,0.3388081592224213,0.013163237054320579,0.02669639204739506,0.05579065283614394,0.03685105607871964,0.01922183339339301,0.022302466783261546,0.03146649581175101,0.05256935840667625,0.07459167030287406,0.010310798039872173,0.04089880270543663,0.014857122121007487,0.013996271797860069,0.08657716497989934,0.027052169944028922,0.021602797984710244,0.013789950243490098,0.05188814231262923
63,847.0,286.67692307692306,24.23076923076923,1533581.932998346,55652019.64396257,-1262719219.6455207,0.04805687644994797,0.3390829873807902,0.01337756639841767,0.025822061760632127,0.05566601192324715,0.03734222401535496,0.019359788291813704,0.022194039216638116,0.03225111898102099,0.05223967442641907,0.07349413916002105,0.010475116167150402,0.04100289550957265,0.014637855529192757,0.014182874923962922,0.0867045215486066,0.02562790395834753,0.021452780900675417,0.013879042046704907,0.053187757932265954
64,847.0,309.4807692307693,24.23076923076923,2609936.469427399,57289576.99326308,-1275560856.3562503,0.048189283856997174,0.33988910751258605,0.013513321465849966,0.024853049531378395,0.05553271162104512,0.03801032426167382,0.019466082850084557,0.022129887568953722,0.033079306778801526,0.05195503206048228,0.07193550902255683,0.010626463093677863,0.04097836368762573,0.014461724664894485,0.014385467706495826,0.08695220431019647,0.024362319100126168,0.021302542056084388,0.013933214024488194,0.05476658308556615
65,847.0,332.2846153846154,24.23076923076923,3620121.088799025,58645141.02689124,-1293651387.5472703,0.04816651987409645,0.34100953494286124,0.013566097186192954,0.023937645366361397,0.05531528938388213,0.038769389899533026,0.019529737652617344,0.02212970358470738,0.03383663842646593,0.05175003170127687,0.07001943484756476,0.010741791901060801,0.04084623137801771,0.014391783689548193,0.014547867396040484,0.0871239253712019,0.02344077878325079,0.021201449018304872,0.013941121958882105,0.05651790066797771
66,847.0,355.0884615384615,24.23076923076923,4564744.83080019,59677786.449092895,-1317595591.5894246,0.04798029204287001,0.3421650360889592,0.013566762762908578,0.023149608325077,0.05499963928625188,0.0395513998234124,0.019553491616192437,0.022167122651891004,0.0344939631280846,0.051627406557006233,0.06791732956358679,0.01080826539548212,0.040670326378220184,0.014442738564540928,0.014638287438519535,0.08702797962892524,0.022858775867618943,0.021187801003693166,0.013916506154117365,0.05837700033850094
67,847.0,377.89230769230767,24.23076923076923,5445249.055602761,60457280.850294895,-1346324351.820534,0.047629582037754525,0.343223653259131,0.013532223051371979,0.02245885880528118,0.05458396932828007,0.04033108015161832,0.01954551697032396,0.022204147677497423,0.035072285525476504,0.05158505460259914,0.065688652849956,0.01082978364892491,0.040506422835422724,0.014595660899846315,0.014654930785702371,0.086723902218453,0.022539553722449604,0.021295685613434926,0.013877272404243482,0.06035567784218901
68,847.0,400.69615384615383,24.23076923076923,6263723.965189208,61048277.820223086,-1378835319.9602776,0.04712795330824133,0.34415318705392167,0.013464499687210444,0.021810800660663297,0.05406620958748668,0.04109609080683535,0.0195146625831576,0.02221620200259818,0.03559801228970214,0.05161470282566543,0.06333083840847878,0.010820140614684125,0.04037755885957613,0.014828473807743369,0.014614409323428217,0.08638278790464528,0.022404695800534568,0.02154081889886898,0.013832443812356524,0.06245647705430579
69,847.0,423.5,24.23076923076923,7022745.6371345585,61501124.36219282,-1414333368.7940183,0.046517737625602434,0.34496975199765434,0.013362696404384714,0.02118226376524247,0.05343661189719112,0.04182376450871387,0.01947259469664313,0.022198532483163905,0.036079047804880054,0.051696756538869064,0.06088151083117028,0.010796473790913665,0.04028104842154337,0.015117995776243802,0.014540515745574262,0.08610734324876945,0.022374562088203553,0.02191777861169524,0.013784696342199811,0.06460528446453989
70,847.0,127.05,26.538461538461537,-7638871.759169496,35375358.018474534,-1330270097.389095,0.04624434812680242,0.3429581070978258,0.011515486514015887,0.029600785936619387,0.06019280200218874,0.035363630155561626,0.018612618380596316,0.02196301357759671,0.02788727848631422,0.05478241220058902,0.07918739706834879,0.009731575820696272,0.039499310482770125,0.015019840590238538,0.014460985753748221,0.08223895898917491,0.03438571684685607,0.0204853492171049,0.013219939064498143,0.04549772333641244
71,847.0,149.85384615384615,26.538461538461537,-6132585.2832568735,39154899.94299336,-1304359178.1127777,0.04651196590558548,0.3452420243746059,0.011963188434229234,0.02984466110188962,0.05931755651203697,0.03556060890100462,0.01868334041155466,0.022173572519261605,0.027957973427496115,0.05444753073636282,0.07848083643646596,0.009738638713925598,0.03961667368826594,0.014956064503846218,0.014140382545516455,0.08070284840837816,0.033167963541196895,0.020517906868548354,0.013365745678270785,0.04640607099193848
72,847.0,172.6576923076923,26.538461538461537,-4653111.490644999,42648784.238832176,-1283147124.2653334,0.04677434651757735,0.3472778112662307,0.01236483834811866,0.029851324956411327,0.05836102743799097,0.03575928467289965,0.018716975562820815,0.022287895916848342,0.02826283471211008,0.05405665837505771,0.07744745422028307,0.009798611171791044,0.039790192356726664,0.014939339286604486,0.013911688575331992,0.07930515754375654,0.03175154750604102,0.020735727329120174,0.013488857281136636,0.04762534540314149
73,847.0,195.46153846153845,26.538461538461537,-3214687.4503222904,45852776.74828177,-1266916333.899422,0.04704147587961184,0.34902170516173664,0.012708433860781422,0.029623513752016207,0.05738303792985157,0.035951539879688146,0.018722258306647168,0.022310099513431277,0.028806633789645018,0.053629743308559547,0.07609781171109636,0.009912702917088283,0.040011391953550544,0.014956785457402127,0.013792525107511324,0.0780594908206979,0.030138288231427307,0.021087448468802682,0.013587511186506543,0.049109900054535915
74,847.0,218.26538461538462,26.538461538461537,-1829251.3236997717,48706340.19421724,-1256758771.5917604,0.04732614799637267,0.35049632995879537,0.013015981575922044,0.029226810153758796,0.05647633416321506,0.036159257390814194,0.01872147015294586,0.02227625673422238,0.02954501715288031,0.05318966194885397,0.07451613939511843,0.010062100131465966,0.04024714885025267,0.014971965352658566,0.013761675179256921,0.0769228296806384,0.028374366626580747,0.02143522294171733,0.013674881865790208,0.05077528179011417
75,847.0,241.06923076923076,26.538461538461537,-506122.28545683954,51179579.90715559,-1253266306.861731,0.04762607156181249,0.35168863387040317,0.013311040648780685,0.028677373569330995,0.05575450718954605,0.03644400772776876,0.018729561959703094,0.02220837002248034,0.03047086131340358,0.052742568250689466,0.07278045988857597,0.01022636884982565,0.04046539342683974,0.014950997802961281,0.013800945378563035,0.07598351884233136,0.02650273633074396,0.021661833294631463,0.013764566050455201,0.05260177631205817
76,847.0,263.8730769230769,26.538461538461537,748048.3664258554,53348381.18714051,-1255402422.323591,0.04791440146762869,0.35268414515759877,0.013584789723899116,0.02793083357326448,0.0552575150783022,0.036889228019217485,0.018751420191369533,0.022118196405785766,0.031591397058025994,0.05229057509217269,0.07087613889347534,0.010394852323360786,0.04065038706649865,0.014885195004193568,0.01390357480359214,0.07542703119658609,0.024573327231414945,0.021738174597463775,0.013856257454264715,0.05460000973856106
77,847.0,286.67692307692306,26.538461538461537,1929112.4708847643,55294131.33101046,-1262009556.1517847,0.048101381845564034,0.35367403455846913,0.01376400510023197,0.026962413964626834,0.05486870296443564,0.03752915951204243,0.018785656844597497,0.02203836972006355,0.032802482070616056,0.05188900539578494,0.068688608445404,0.010559057899331285,0.040774424691803576,0.014811527449678867,0.014049545842813234,0.075504659092008,0.022830746375663225,0.021739434885758663,0.013926247546612818,0.056742603959012435
78,847.0,309.4807692307693,26.538461538461537,3035122.7950851675,56919847.326040044,-1274573006.6555986,0.048103351600486496,0.3546058525816812,0.013801404587595201,0.025877118196654312,0.05444899327142452,0.038303945327285024,0.018826214060149518,0.022000574735574745,0.033930495440766054,0.05160114531547085,0.0662611169846713,0.010697631977066031,0.040822861719685674,0.014797535652558522,0.014192135963462481,0.07616267613413309,0.02157138662797821,0.02175463785527162,0.013950915945091276,0.05890523170492624
79,847.0,332.2846153846154,26.538461538461537,4065962.0598085322,58273865.29091678,-1292369226.227631,0.04791738363939517,0.3551774461475931,0.013738827615393663,0.024841000385640813,0.05397337680868059,0.0391164921321375,0.01886582399217452,0.02199644743616338,0.03488152820952155,0.05143207184172993,0.0638532684958397,0.010787078881934423,0.04082927933589465,0.014884554431610438,0.014286756499945456,0.07699536020740608,0.020849760668194068,0.021822371082772758,0.013933583127376765,0.060950385790460804
80,847.0,355.0884615384615,26.538461538461537,5022959.422916822,59314706.919066474,-1316000221.9514232,0.04755817260997013,0.35527082987281483,0.013621944231287843,0.023907412791182088,0.053454278580380314,0.039916139828797256,0.018899821139166075,0.021995005354234647,0.03565372892476792,0.05136690899778947,0.06160265530309871,0.010823585873433328,0.040834500882673506,0.01506538483546669,0.014319275043072646,0.07778088961405492,0.020554678017674993,0.02197570736936172,0.013891996151419218,0.06288963849487639
81,847.0,377.89230769230767,26.538461538461537,5908529.979845021,60105683.019556105,-1344478801.42345,0.04703255526319473,0.35499279217530855,0.01346753055013068,0.02303453614438299,0.05289181900606753,0.040697705443819863,0.018925470356774318,0.021972571968724344,0.03628741806069611,0.05139252699453415,0.05944301854187606,0.010820087243649917,0.04085357971602726,0.015318585374923746,0.014299364444627956,0.07854494156944339,0.020558601186192543,0.02224528907192593,0.013838991634023776,0.06482518510592128
82,847.0,400.69615384615383,26.538461538461537,6725858.323150853,60704524.24644452,-1376889681.145845,0.04637636859577029,0.3545185467117719,0.013285554355580037,0.0221905559918101,0.052268759740382184,0.04145590935504187,0.01894531260343941,0.021926273782330755,0.03681678627578625,0.051488474325826636,0.05728451483518647,0.010795474507846665,0.04088081410017035,0.015622261206076191,0.01424548793497543,0.07930936610808952,0.02074512258453436,0.022635976152614375,0.013780847793462253,0.06677521668164321
83,847.0,423.5,26.538461538461537,7478633.510282438,61157236.44094903,-1412485769.8314571,0.045667921476475984,0.354019312879995,0.013094285570613397,0.021394452527673094,0.05156211357385012,0.0421704800974825,0.01896766932913878,0.02187172320940538,0.03725268668230498,0.051624484054667324,0.05513752399833197,0.01076761838225107,0.040907460977352705,0.015944063705491972,0.014174576707820737,0.07998676903832483,0.020999074939266345,0.02311637451929911,0.01372294638728392,0.06862283057088389
84,847.0,127.05,28.846153846153847,-7743631.553705953,35327343.649865404,-1332601034.3706222,0.04621615915799948,0.3463178852609121,0.011141405517489891,0.029847439093055927,0.06048952630382921,0.03525500346504539,0.01887085035369834,0.021592570904011184,0.027549645390804563,0.05505018241630491,0.07892566525605048,0.009875682592243333,0.04071788041483014,0.014927414660515802,0.014275216998691317,0.07909803986263854,0.03501133903305999,0.020368356476076797,0.01316271301732514,0.043654146499151364
85,847.0,149.85384615384615,28.846153846153847,-6203035.705885482,39099655.872144535,-1306271187.6606047,0.046489014820173466,0.3488416675167847,0.011595602370353212,0.030181996486340755,0.05973730166995975,0.03542197320611633,0.018963549075631733,0.021786795638465573,0.02751871884658561,0.05477357302715392,0.07848208175975549,0.009882950153602958,0.04093813166773618,0.014824878606482314,0.013957155707636233,0.07720189626509315,0.033826546544376515,0.020292717185999676,0.01330807431410761,0.04422133899018901
86,847.0,172.6576923076923,28.846153846153847,-4679135.846421529,42582617.542204924,-1284540105.4196234,0.046746584979060445,0.35112387395388733,0.012037414866514272,0.03030178880218919,0.058900572651770094,0.035619929929352236,0.019013797155350492,0.02188910390978994,0.02774468649964396,0.05442635190744028,0.07774274212198541,0.009931890512425538,0.04120345390029015,0.014773786841411037,0.01372697427153048,0.07529401850478046,0.03240067695766169,0.020370772227502946,0.013435312070349597,0.045066138042948345
87,847.0,195.46153846153845,28.846153846153847,-3189582.435295804,45777273.84398377,-1267663434.0452776,0.04699938376864343,0.353127634145567,0.012442260084923499,0.030131002064273858,0.05802620297276992,0.03585304820692026,0.019019342057891638,0.021875334879109316,0.028296680388145146,0.054009510190224146,0.07662680338216817,0.010035621183755384,0.04151236041278955,0.014780124174950799,0.01362406363814201,0.07351523400479534,0.030699795772013816,0.0206159660410696,0.01353844221705798,0.046245800154031014
88,847.0,218.26538461538462,28.846153846153847,-1750002.6763190445,48626284.7425249,-1256741868.6863577,0.04728798947502794,0.35493830341795546,0.012830981433882305,0.02972026015365986,0.05719653230439006,0.03615026807788368,0.019002036925722266,0.021780696760248706,0.029165412092570137,0.053527548705659005,0.07516587647766175,0.010182627519053739,0.04184037998491147,0.0148118973926688,0.01363253465786041,0.07183240383810482,0.02871088113797716,0.02090507668516114,0.013631065136677051,0.04769876462025133
89,847.0,241.06923076923076,28.846153846153847,-373210.87240105425,51097684.845457315,-1252452081.6176848,0.04761960879730264,0.3565191889048855,0.01321139376160486,0.029104786770327625,0.05651961900222565,0.03656898138647769,0.018979522930648075,0.02165156925006585,0.03032879569805387,0.05299244935416901,0.07339793101958271,0.010352084813828114,0.04214307315189555,0.0148324997728295,0.013721889619538796,0.07041980580668313,0.026509154715481733,0.02111254222144847,0.01372554898516939,0.04943271190023525
90,847.0,263.8730769230769,28.846153846153847,931203.8267265192,53269526.717844665,-1253770194.6192575,0.04791565197159773,0.35786982925134314,0.01352277423239637,0.02826061347314041,0.05598121250878055,0.03716278335707642,0.018958953863626768,0.02153423550127901,0.031702169544638205,0.0524563948233027,0.07124103343287136,0.010525424758236465,0.042366678998334455,0.01484074436497332,0.013859552021632358,0.06967575867812853,0.02434497027751918,0.02123043068469531,0.013813190071091453,0.05151447014535227
91,847.0,286.67692307692306,28.846153846153847,2156920.51948945,55219260.21048437,-1259631133.0495257,0.04803240616732328,0.35904849151504364,0.013659147186607557,0.027188793897632974,0.05540751762936048,0.03791804020925875,0.018944902007358183,0.021469262359336334,0.03309040849391448,0.0520175407856257,0.06859377179635245,0.010683828186224332,0.042471177674897206,0.014884706360518139,0.014004788469617861,0.06990076103511178,0.02261682568672737,0.02136907133861497,0.013867245231454783,0.05393171284177227
92,847.0,309.4807692307693,28.846153846153847,3300636.0428287,56848040.17647055,-1271568983.0938773,0.047911391213052136,0.35983291434408865,0.013615546149808968,0.026027342247025825,0.05471189004582717,0.038745669158872134,0.01893712788085751,0.021456677481894903,0.03432884888597534,0.051719526838925806,0.06567316419524857,0.0108012990229179,0.04247920473749697,0.015018899551972512,0.014113483277891838,0.07083002651286956,0.021510998740392532,0.021600012830950203,0.013877594519494647,0.05651249176219587
93,847.0,332.2846153846154,28.846153846153847,4361626.288141533,58202107.29052948,-1288900970.641764,0.04758531256998447,0.35997545305352674,0.013469782408217957,0.024934230103648095,0.05394442344354408,0.03955232352809525,0.018930274922210628,0.02146288026450847,0.03535230300435308,0.05154826858047758,0.0628433775494789,0.010861760382335706,0.04244602301195654,0.01525472891799703,0.014161232507959193,0.07198092634422613,0.020937618203759716,0.021922882959747973,0.013856498940789923,0.05907948016355944
94,847.0,355.0884615384615,28.846153846153847,5341222.102259135,59237428.47919519,-1312267414.6323943,0.04707352841210098,0.3595574087812725,0.01326968480833707,0.023926797878206126,0.0531518706692374,0.0403158598051433,0.018920728877145118,0.021455563956570108,0.03617453388885549,0.05148732305695931,0.06020882025329377,0.010872135078928178,0.04240585546483826,0.015567634360194387,0.014152478599000136,0.07317447868774313,0.020741214406038867,0.022344658559482186,0.013817181979648391,0.06162816595965329
95,847.0,377.89230769230767,28.846153846153847,6242283.142217369,60014472.58256349,-1340716936.3454611,0.046400698444949845,0.35883309823353704,0.013038943140594972,0.022961740982329566,0.052341003577988585,0.04105606387318964,0.018910109259336345,0.021426644463345104,0.03684064552899738,0.051520473884582925,0.05767666211038512,0.010850442955617068,0.042369000045227756,0.01592664606725006,0.01410299043697904,0.07437561698486118,0.020794913070323218,0.022865360990690586,0.013766622488745975,0.06417664328534883
96,847.0,400.69615384615383,28.846153846153847,7068720.404759068,60587330.42930273,-1373377706.2967515,0.04564634936419363,0.35804634251662076,0.012807169245030831,0.022043045630310072,0.051491176387255665,0.04177838686442419,0.018907057919395627,0.021393395630332615,0.037379175402822956,0.05161920115883473,0.05520158337969431,0.010815870435140693,0.042336906025935525,0.016292998850422277,0.014028198252265095,0.07546700979702917,0.020978892710022203,0.023449834279624833,0.013711321243598126,0.06659641518176483
97,847.0,423.5,28.846153846153847,7825096.52298324,61005220.010458745,-1409441001.4385457,0.04490871136084852,0.3573625151314436,0.012602112556649312,0.021215050304145604,0.05058836900546406,0.042461795776845834,0.018920549173463183,0.021375591840690246,0.03780223753683942,0.05174850106657128,0.05284473979367386,0.010784778368984588,0.04230803695610787,0.016629149905229783,0.01394178115274625,0.0763073046249989,0.021183508337365032,0.02404363784655715,0.0136585852606815,0.06870963779154472
98,847.0,127.05,31.153846153846153,-7872538.137925353,35304096.389992535,-1334931501.8890984,0.0461387541044507,0.3479594207965742,0.010937026154312652,0.029948119741195576,0.06048937566866591,0.03521411335559191,0.01900204108811785,0.021380541109850635,0.0274600822982931,0.055194101629767414,0.07824490946581837,0.009974470100768034,0.041474249533172206,0.014884966245066958,0.014096689529248443,0.07798091184371743,0.03525094331849822,0.020338180964702184,0.013130412142743892,0.043229021450799335
99,847.0,149.85384615384615,31.153846153846153,-6336435.352819226,39075561.597970605,-1308683435.189547,0.04641320522533672,0.3502535927023058,0.011392624889312367,0.03029891702413608,0.059863353795785,0.035354427784762395,0.0191055680337317,0.021579302710851803,0.02738181998023118,0.054959549029722,0.07803872835547825,0.009983862656970153,0.04172491263829929,0.014758857305267827,0.013813190753244458,0.0760907312114839,0.034105738899713516,0.020165926057796834,0.013271429272055305,0.04356507766725682
100,847.0,172.6576923076923,31.153846153846153,-4803125.4951738715,42556402.07893257,-1286839529.5957005,0.04668451235904756,0.3523225713338185,0.011866109452793,0.030482545309622792,0.05917794972840753,0.03554013775928185,0.019172192827068408,0.02170212167725718,0.02755430847622765,0.0546464671857022,0.07762501690942887,0.010024231308595817,0.04201793954184599,0.01467417486515154,0.013610964294596708,0.07406319571669015,0.03269224068152864,0.020081024518367407,0.013401869634682624,0.044089448942123105
101,847.0,195.46153846153845,31.153846153846153,-3291742.104359923,45754631.33646797,-1269573660.7728336,0.04695901627306345,0.35412169288142314,0.012324554702924049,0.03035017795569258,0.0584776158786183,0.03579076185945305,0.01918766326104135,0.021693267235261833,0.02810157086273863,0.054235155168148544,0.07686018192697448,0.01011794358953633,0.0423626949184501,0.014651520771813847,0.013545527977790626,0.07215769955909453,0.03095179707166725,0.020155834660861925,0.013512671548547265,0.04496704266606644
102,847.0,218.26538461538462,31.153846153846153,-1820433.6403254308,48615482.73699806,-1257986664.3006766,0.04728301493899687,0.3557855525315395,0.012788367673867056,0.029912242159114803,0.05782578598534847,0.036154899632884735,0.01916613871894666,0.021569237790094186,0.02906159744177108,0.05370543415657638,0.07571879742581603,0.010260013559860367,0.042749633145524414,0.014671321602883734,0.013608258898865608,0.07033385871051187,0.02881459802861376,0.020310503007090978,0.01361488513067261,0.04618619162114785
103,847.0,241.06923076923076,31.153846153846153,-405162.69074170885,51100931.70415481,-1252894535.7639885,0.04764447568257144,0.35735428193166635,0.013241413557371975,0.0292139399218891,0.05728325803004063,0.036682647368499535,0.019130111034131238,0.02139088146451494,0.030375982861095448,0.053088082476124746,0.07418802921444453,0.010429784736786267,0.04312484930311965,0.014706861826932973,0.013759275221592962,0.06877431048193862,0.026416180510917205,0.020445270625451487,0.013714692656833961,0.04773229731621387
104,847.0,263.8730769230769,31.153846153846153,941174.6324397037,53285717.03405977,-1253373960.7548857,0.047897883629106824,0.35882850405847033,0.013563437332112342,0.02826614049282763,0.056759023913218375,0.037378335216835874,0.01910007569569696,0.021237073763271372,0.031837405624422964,0.05250847212412271,0.07213391078261631,0.010601638151791215,0.04339310662663434,0.0147695756798972,0.013943463505871048,0.06800918600239891,0.024238827375523676,0.020588830056444175,0.013794459806903222,0.049648928168558426
105,847.0,286.67692307692306,31.153846153846153,2209208.2224223656,55246110.910296954,-1258424410.9190812,0.04788951422876731,0.3601073285421433,0.013644004499329648,0.02711295701255518,0.056075800923499154,0.0381898183448285,0.019086934181878772,0.021149835554281713,0.03322040002004838,0.05208288267058504,0.06948668221589685,0.010749218586173177,0.04350888839201245,0.014905533200883043,0.014105533518999623,0.06829369214049888,0.022707251418532137,0.02086182676548185,0.013833907913858544,0.051955593427215195
106,847.0,309.4807692307693,31.153846153846153,3393131.7697599274,56882646.696560115,-1269627778.2473295,0.04761810618566503,0.360858209198793,0.013521627241468383,0.02591435596652996,0.05521148187741686,0.03902085922356332,0.01908137324288272,0.021109859355351986,0.03442175203992183,0.05181826440410125,0.06651229077773708,0.010847764175050404,0.04351437581030638,0.015149594579252777,0.014205177542659706,0.06924214042071071,0.021822574657515727,0.02130398245333837,0.013836532670655,0.054553701433937764
107,847.0,332.2846153846154,31.153846153846153,4490402.288775907,58237127.10049866,-1286395847.0768237,0.0471412471951221,0.36091952021419704,0.013287569451503488,0.02479528445261476,0.05424423560764297,0.03979913906269967,0.019066280541128425,0.02107868962696199,0.03542197350368487,0.05168010825398972,0.06350942922468719,0.010889129175510071,0.043465174283584186,0.015497960477583958,0.014229304574938375,0.07041854941390333,0.021390234964448373,0.02188937810860833,0.013815533862085644,0.05735335052779397
108,847.0,355.0884615384615,31.153846153846153,5501222.883788282,59260612.70831533,-1309459898.9523873,0.0464891408645183,0.36048492422376965,0.012997750041676671,0.023744792428375933,0.05322412418730836,0.04053508837883431,0.019035733606337313,0.021038064512888664,0.03625306686826377,0.0516434843850808,0.060521649524448905,0.010884993525460442,0.0433962729002599,0.0159153618166659,0.014188531849925913,0.07166339431572484,0.02124376563589842,0.02259083919523614,0.01377855332272246,0.06033214261696633
109,847.0,377.89230769230767,31.153846153846153,6427933.184074609,60010011.19921679,-1337929989.4114673,0.04572453870814525,0.3598550606270338,0.012702156975828157,0.02274152918569766,0.05216481143894933,0.0412650327430958,0.018998562217176967,0.0210026279108151,0.03694984328325769,0.05168517714441496,0.05751927232539552,0.010853312709165458,0.04333086941773191,0.016349723383980833,0.014098887750633577,0.07284294220886106,0.021264794924668533,0.023351785580282718,0.013731489034960248,0.06333979190666898
110,847.0,400.69615384615383,31.153846153846153,7274402.89615625,60541724.82391037,-1370900237.6093965,0.044946789251524066,0.35925304653929707,0.012443218278823066,0.02181614725697723,0.05106557563903945,0.041986226953803066,0.018970380306122456,0.02099473000963169,0.037523784007556654,0.05177433061355838,0.05457823105259613,0.010813058663680505,0.0432770819107878,0.016751058767464744,0.013980157517765749,0.07379600085753212,0.02134743659286196,0.024103039656389814,0.013681737233274113,0.0661212441298822
111,847.0,423.5,31.153846153846153,8045492.33390165,60916122.481448464,-1407390009.5806065,0.04423040634373741,0.35877775625761865,0.012237052933068383,0.021010507814438813,0.04994773235940421,0.042659965158394,0.01896097514379242,0.021016961591166654,0.03798217880007783,0.05188106424964115,0.0518433827022139,0.010780797189759647,0.043228607399002424,0.017093611840427413,0.013854956839663217,0.07445889512196519,0.021414010775270814,0.024794003081486486,0.013635464731812373,0.06851214986988392
112,847.0,127.05,33.46153846153846,-7940352.42621525,35293646.9575743,-1336130781.9357932,0.04606854700483855,0.3480341915471846,0.010893654151422101,0.029929264743690318,0.0604293591719743,0.0351735718948726,0.019069614862447307,0.021306109216560298,0.02735585103061905,0.05523600272733332,0.07791381843190923,0.010048842173466159,0.041863798186257184,0.014865442743427281,0.013991675170064045,0.0778949580487563,0.03543335162271041,0.020256542047774873,0.01313313134712849,0.043168123054985144
113,847.0,149.85384615384615,33.46153846153846,-6447284.1378071,39066672.884187885,-1310520840.1822164,0.0463406024967187,0.3499717804991858,0.011353795371236269,0.030249255463134346,0.059911842262187695,0.0353073801231205,0.01916904672940121,0.02150787102181965,0.02729349098954775,0.05501994849250092,0.0778623309869998,0.010060133506654296,0.04210281941037604,0.014730619321131615,0.01375757061974632,0.0761333319490163,0.03429968078387293,0.02000410987604137,0.013268270947300693,0.04337959279569852
114,847.0,172.6576923076923,33.46153846153846,-4944409.736158777,42550045.16947031,-1289106808.91112,0.0466367805070108,0.3517908265375909,0.011857779132293847,0.030451556433687067,0.05936542631817637,0.035497018210174085,0.019239103737689642,0.021649951355350663,0.027479008764275132,0.05471766020254458,0.07766335236176906,0.01009452442409008,0.042385055292765726,0.014620721252441972,0.013596274431928615,0.07415299116640568,0.032852879281664756,0.019772567499044612,0.013401190639672154,0.043720287954456684
115,847.0,195.46153846153845,33.46153846153846,-3449673.6227480043,45757354.34573809,-1271960592.7754452,0.04696147908652062,0.3534349521512754,0.012366657255651914,0.03034540219904749,0.058844247248626025,0.03577201864847108,0.01925881238271827,0.021660331869780433,0.028068031086184667,0.05429702908372885,0.0771408540279131,0.010180419064823564,0.04272616314762052,0.014563743411904154,0.013571925689712997,0.07229081588905018,0.031019330119538807,0.019667592471232585,0.013520179080875135,0.044429259323864
116,847.0,218.26538461538462,33.46153846153846,-1981287.0071425566,48635956.9068504,-1260152131.4995656,0.047340904673927,0.35502319343151234,0.012886205768747067,0.02989654484652656,0.058381425988581495,0.03619233402848961,0.019232724848481125,0.021537610633727063,0.029125260950279,0.05372661993240408,0.07620892911471108,0.010317486733222409,0.043123930999246926,0.014559039164229865,0.013680616152462122,0.07052738542601258,0.028727612096898735,0.019672408437157667,0.01362944068539862,0.04556592134462713
117,847.0,241.06923076923076,33.46153846153846,-556475.7827381253,51138146.364341736,-1254662131.288115,0.04770699130877254,0.3566502923789082,0.013362686253618321,0.02914460100417813,0.057934109414279275,0.0367922034755849,0.019183699417721307,0.021345535716199123,0.0305346346536738,0.05306487750746736,0.07478060713796485,0.010482360469463645,0.04351446503217485,0.014606392573578013,0.01386884410106405,0.069018296974586,0.026227955529909017,0.019762246636273347,0.013725665932057658,0.047118345649997354
118,847.0,263.8730769230769,33.46153846153846,809660.3464186284,53331542.66761446,-1254707980.5097113,0.04786675354371565,0.3582823880395353,0.013644660014873205,0.02812726949279465,0.05734925351250925,0.03753854910101182,0.019142501126451057,0.02117093777761333,0.032012489792135744,0.052478307722598316,0.07271815477206803,0.01064353412618822,0.04378893474633843,0.01472825446582479,0.014067646681382957,0.06828975454831637,0.024123028887739633,0.020004934446189424,0.01378937750364186,0.04910393013980961
119,847.0,286.67692307692306,33.46153846153846,2104995.962633289,55296099.83256562,-1259276255.6933823,0.0477059469343389,0.35966429428209407,0.013651874728928164,0.02692998952073167,0.056530490108205884,0.038361465219938606,0.019126356823169204,0.02104769557266585,0.03335514305342131,0.05207297162205353,0.07005964263374552,0.010773704458929754,0.04391204041631841,0.014948129488908508,0.01422634051558527,0.06854284728331812,0.022738087840924875,0.020473781395491993,0.01381389404874476,0.05152006924320758
120,847.0,309.4807692307693,33.46153846153846,3320831.495979298,56935153.561539136,-1269951272.3581781,0.04727421468811449,0.36045584135451225,0.01345068351537354,0.025719026212176564,0.0555321305888307,0.03916630020294444,0.019123818991644115,0.02095213626762101,0.03449588215510268,0.05184227853499171,0.0671036208706538,0.01085377240477661,0.043924957237893546,0.015278161553032379,0.014316924482271029,0.06941330236152453,0.021970471603031554,0.0211483796220469,0.013810807713813452,0.05425464083581469
121,847.0,332.2846153846154,33.46153846153846,4451940.873718707,58286524.789986506,-1286245812.4780977,0.04664671758847787,0.36061010011801764,0.01313709156686737,0.02458605584486626,0.054433828292616296,0.03991113192891751,0.01911431957352668,0.020857723017465173,0.03544131062027376,0.05174631151447792,0.06405654665646197,0.010880869909563853,0.043876811700375454,0.0157046657244808,0.014331309471369711,0.07051990027187856,0.021612306187078247,0.021971261842988213,0.013790305013924775,0.05721521796551552
122,847.0,355.0884615384615,33.46153846153846,5496286.578505379,59295489.14598654,-1309012412.7619612,0.04588755973584414,0.36038881161964775,0.012787615639831862,0.023520010741270223,0.053267961053899145,0.04063723886556992,0.01909078568488524,0.02077340235566579,0.036236505504442934,0.05174836642028829,0.06091261626320462,0.01086668664225756,0.04381212558961398,0.016176929795663833,0.0142739326038453,0.07163787698472454,0.02149757709617001,0.022873590324341938,0.013757499569073338,0.06030541080756732
123,847.0,377.89230769230767,33.46153846153846,6454517.922009587,60016826.03808245,-1337419050.723897,0.04508498559898087,0.3600676298197985,0.012467444807494121,0.022522086396772417,0.052044207319881186,0.041379360585141696,0.019060249520690513,0.020728929858390456,0.03691528092632762,0.05181352239749727,0.057680892836090014,0.010828433269403899,0.04376153728917118,0.01663383483642484,0.014157548813779768,0.07257695692127555,0.02149852648781794,0.02377291138585448,0.013717824296425525,0.0633275465816422
124,847.0,400.69615384615383,33.46153846153846,7329370.146404572,60514108.097642876,-1370469683.5136843,0.044318034577440504,0.35978991744123406,0.012206276744607121,0.021624227661595365,0.05078049470437105,0.04210955469431958,0.019033410205807497,0.020734458534070764,0.03748909908804327,0.05190759748608332,0.054496275644893614,0.010786177466306888,0.043725290885143465,0.017038378104150348,0.014008815371634526,0.07324872456949817,0.021513207353365798,0.024612664547264063,0.013676417681482214,0.06610037998711692
125,847.0,423.5,33.46153846153846,8125062.2639582595,60858329.97517963,-1407034081.4104962,0.0436340794186772,0.35958789823766557,0.012006006259419432,0.020858647376774647,0.04952985080868173,0.04277324517289441,0.019016412191384086,0.020776108963962505,0.03796448922878589,0.05200383447817506,0.051552922487526034,0.01075599878552827,0.04368993661447183,0.017378004664993365,0.013856994077216961,0.07367661677334543,0.021486075014350205,0.025355674193065402,0.013637388100576098,0.06852932356661584
126,847.0,127.05,35.76923076923077,-7884914.09072578,35284827.07258291,-1335410913.4410815,0.04601359243780798,0.34736142642046136,0.010954271134082044,0.029822388795734,0.06036047034981811,0.03517377458857521,0.01910556806466084,0.02130015767343927,0.02728156713343079,0.055219096154313224,0.07782731675676549,0.010105373246445741,0.04210985297072281,0.014860980850557703,0.013929689795078507,0.07814377424318679,0.035560675707587475,0.020097742150731658,0.013153259269754483,0.04311590511246825
127,847.0,149.85384615384615,35.76923076923077,-6462025.059645407,39059648.50677421,-1310852854.8032966,0.04628877287734835,0.3490136635008378,0.011419700012845096,0.030089603578622573,0.05994059115009058,0.03532118089476569,0.019193822102449718,0.021490274891341275,0.02728905784107064,0.055002015478894654,0.07785169003138562,0.010120366254145578,0.04233845624535208,0.014724916647655474,0.013746682843839775,0.07649936171814468,0.03439819296179704,0.01977583150206344,0.013282317703832463,0.0432584177488597
128,847.0,172.6576923076923,35.76923076923077,-5022105.800107557,42547920.7960042,-1290333067.0183475,0.04662097237769201,0.3506978637355028,0.011948956274835432,0.030273875987125356,0.05952924233915856,0.035533792652270656,0.019259769082066454,0.021632080751238496,0.027549657098101362,0.05468917200726394,0.07776385776544775,0.01015531429852318,0.04261011497969212,0.014596836075268793,0.013630771054467486,0.07458207480389141,0.03286756212423363,0.019425115669637453,0.013416366077229463,0.04350457428854571
129,847.0,195.46153846153845,35.76923076923077,-3580056.719628904,45765896.84920963,-1273836708.4386487,0.047009133986857375,0.35234574015972997,0.012497294125232407,0.030175080311743603,0.05918563652654531,0.03584302125350759,0.019281832608437362,0.021652966498803678,0.028220291071722643,0.054247163593529546,0.07738286408956661,0.010240315882064446,0.04294105328012258,0.014508259000358627,0.013645658234463561,0.07275097305671088,0.030901477599589725,0.019167711914994667,0.013541155605073445,0.04412155192586614
130,847.0,218.26538461538462,35.76923076923077,-2151809.527251108,48662009.38463341,-1262382527.0393624,0.0474330893375045,0.3540278600248982,0.013035549222394605,0.02973003971023399,0.058890347424828626,0.03629624984870399,0.019260644557337794,0.021545044458602194,0.029340200147662938,0.053662545715943005,0.07657267973960484,0.010376466104194309,0.043324539004493796,0.014481345735366826,0.013786849882549473,0.07105624240818742,0.028517934628058652,0.019056929588057547,0.013650840154653385,0.04521561039664278
131,847.0,241.06923076923076,35.76923076923077,-753377.8299977912,51179759.91399653,-1257064529.3590937,0.04775968203588572,0.35584010821366463,0.013469765161112209,0.028967604228385645,0.05848748048821988,0.036905171730647675,0.01921720061117222,0.021368301030474216,0.030734579548392888,0.05302347674598303,0.07517495860317917,0.010536683313154068,0.043689774403893225,0.014545504339451761,0.013989243837757539,0.06965336434976542,0.026091527549500167,0.019152309920044932,0.013733455985078769,0.04679838184300788
132,847.0,263.8730769230769,35.76923076923077,600162.8780386071,53379810.46598298,-1257204144.847303,0.04779839994605074,0.3576621910080592,0.013666152818438419,0.027932173158092627,0.057810755494057654,0.03763973971852338,0.019177653381083033,0.02119025200918732,0.032149489704257316,0.05247565412254883,0.0730667111251204,0.010686314702362195,0.043946873442386236,0.014724819209292587,0.014181693645961783,0.06896372054029999,0.024144122982406393,0.01953789660989037,0.013776935706513881,0.04892287494923202
133,847.0,286.67692307692306,35.76923076923077,1895609.5878907733,55345420.07649614,-1261754918.8446527,0.047488836932122275,0.3591293865261349,0.013589512769664091,0.026725872151070237,0.05685547840026688,0.03843722266425661,0.019155104920882814,0.021029464900822904,0.03344053369637234,0.052093606313999875,0.07037041660160845,0.010799338536277603,0.0440742030712472,0.015019757910632375,0.014324243012048377,0.06914703816386121,0.02285178682926004,0.020224681071307912,0.013788031317173943,0.05158760380030053
134,847.0,309.4807692307693,35.76923076923077,3122338.5868430226,56982556.9785295,-1272291240.8887227,0.046910186176597424,0.35994314702894104,0.013316325990281694,0.02551091140233195,0.05573111959302346,0.03920764893219754,0.01914195012931001,0.020872157069120625,0.03454533395567252,0.05187759528191178,0.06739205828901268,0.010861192676799098,0.04410054649874514,0.015424274113203865,0.014398941555821098,0.06991758854829175,0.022107769143170277,0.021129782544174844,0.013780263016232188,0.054620099800084476
135,847.0,332.2846153846154,35.76923076923077,4272700.185756172,58325955.32181908,-1288409471.3772774,0.04616595969843546,0.3601759005820292,0.012948892651538771,0.024371158611990996,0.05451823895230856,0.039933938303270224,0.019126615757374545,0.02072004405826918,0.03546371273852595,0.05179761760008672,0.06429155752874441,0.010872286449721482,0.044070874806783594,0.01590544079069147,0.01439834312675456,0.07090431357554848,0.021745728024274564,0.022146708239175892,0.01376117122909156,0.05780509108372019
136,847.0,355.0884615384615,35.76923076923077,5342085.835133885,59318356.4215488,-1311039700.963637,0.04535225640456002,0.3601412953713317,0.012578819774710417,0.02331196168853604,0.05324094357841919,0.04066889413456019,0.019107562978940548,0.020605608169424933,0.03623342159124748,0.051816117588822604,0.061067254160800805,0.010845213109389802,0.04403400140449187,0.016397788150838623,0.014322987767033512,0.07181803601414888,0.021614433406066412,0.023173709514044176,0.013735160693316959,0.06093021030609468
137,847.0,377.89230769230767,35.76923076923077,6328716.06705783,60017544.874931484,-1339342146.4346838,0.0445456235766226,0.36007392422073076,0.012262528533110209,0.02233952466578198,0.051913233712824955,0.041426795170587144,0.019088850313063652,0.020553750177808302,0.03688608253820756,0.05189518179557943,0.05776344419962969,0.010799369334299834,0.04401200689581463,0.016850720770507626,0.014189921253150724,0.07250424308562535,0.02158630488014511,0.024142014760763962,0.013705211787279147,0.06383708548418088
138,847.0,400.69615384615383,35.76923076923077,7233233.87131544,60494774.216337845,-1372237665.3888116,0.04379799486644865,0.3600534243634204,0.012013745977078744,0.021479281380268236,0.050571615717338134,0.04215758925404586,0.019074026267865727,0.020559508541358767,0.03743624945832805,0.05199818489485606,0.05454864768724002,0.01075580844809879,0.04399586442247759,0.017243362559064463,0.014031064342683882,0.07295400691493131,0.021562870938424895,0.025016694493393738,0.013673615132778172,0.06644761521125707
139,847.0,423.5,35.76923076923077,8058198.920789437,60826610.30291102,-1408537932.538935,0.04314543138948032,0.3600719606578659,0.011828791600997052,0.020757885488363024,0.0492835721166874,0.042803530672131634,0.019063841015699256,0.02060236894472374,0.037893565968353485,0.05209672505257413,0.0516250514004684,0.0107282673779828,0.043972827193033,0.017568904446237432,0.01387497159075518,0.07322178380600428,0.021496188176914437,0.02576772292643778,0.013643090030766336,0.06872513921119715
140,847.0,127.05,38.07692307692307,-7683367.5584884025,35273889.816903494,-1332476777.9300358,0.045988051530198575,0.3465391402963334,0.01108594450062888,0.02966046219076312,0.060299489737356875,0.03523015561973645,0.01912264771687961,0.021324265133691678,0.02728494607343389,0.05516173626177581,0.07781397701689062,0.010152321118658767,0.042306753156632716,0.014857207845473024,0.0138918141905133,0.07841221055374537,0.03555246204271419,0.01987277894487402,0.013182901148365381,0.04305754724325716
141,847.0,149.85384615384615,38.07692307692307,-6342575.593674981,39050635.61297757,-1309151874.7048104,0.04628317381601026,0.3480431397416699,0.01155965093481918,0.02987081563710193,0.0599840010407054,0.035400052691122445,0.019198662729172717,0.021493798405652045,0.027392593702948585,0.0549276436338595,0.07786917831596532,0.010175704853034885,0.04252339655930545,0.014717477942046885,0.013760663215936974,0.07682746690522027,0.03431144934256436,0.019487799995195246,0.013308190527652884,0.043169297023711035
142,847.0,172.6576923076923,38.07692307692307,-4983667.808674606,42545536.5088043,-1289777960.4125986,0.04666261286875598,0.34971727905616967,0.012108668494906513,0.030015889853940932,0.05971556549508222,0.035643093716478495,0.0192581249321102,0.021621788234834623,0.027761727791308984,0.05458877970622829,0.07783031512150358,0.010219191849966,0.04277984486539911,0.01457320809308435,0.013693187593297771,0.07493507064978265,0.032655658916551374,0.019048660919534267,0.013442772841757853,0.043387270508223615
143,847.0,195.46153846153845,38.07692307692307,-3618143.7800922827,45774298.44034588,-1274296122.387007,0.0471037300019328,0.3514685974114797,0.012676320401545095,0.02990828093322636,0.05953004450031926,0.0359833859985358,0.019282600727023314,0.02164419818647375,0.028517964588632407,0.05412423201473845,0.07752114659353047,0.010308838070452351,0.043089781385631166,0.014462736362354041,0.013742530360221173,0.07308988896539656,0.030571110033221667,0.01869450043537192,0.01356897819982858,0.043972812533825976
144,847.0,218.26538461538462,38.07692307692307,-2258620.1496897256,48684204.20461287,-1263691404.0561843,0.04752545931913567,0.35331773604815003,0.013188200469729636,0.029474688156468004,0.05933442555957609,0.036439751192731774,0.01927332661158518,0.0215564047772194,0.029635741813297235,0.053559593031560035,0.0767632939828171,0.010443375141820888,0.04343556054120931,0.014431130066873264,0.01389799303991097,0.07144657994944395,0.02822479777328106,0.018542193379107282,0.013670494403304522,0.04504873888632587
145,847.0,241.06923076923076,38.07692307692307,-918266.8705564471,51214383.29955377,-1259079706.156124,0.04776564159239218,0.3553214959083303,0.013532891762356728,0.02873359896605607,0.05891969787810584,0.03701098086807873,0.01924746519779356,0.021408614913550523,0.03092650114207632,0.05299200906740215,0.07536328042547773,0.010595734656073755,0.0437528236368636,0.014521840840822448,0.014095003279884038,0.07018155498609453,0.02601784824548427,0.018695841250969118,0.013732726989818088,0.04666081153923957
146,847.0,263.8730769230769,38.07692307692307,389875.0686151175,53421466.743788004,-1259811673.6964679,0.04767918241525117,0.35728419777405046,0.013623719976082412,0.027722316019852956,0.058160109047203624,0.03769206349086503,0.019219798129578088,0.021238255588434025,0.032229963932524336,0.052512605309452856,0.07322872759195034,0.010733788385242915,0.04398494680719281,0.014749608041679208,0.014273087483229667,0.06958255717581766,0.024268301862098787,0.01922289782159788,0.013756047025376219,0.04891475377331051
147,847.0,286.67692307692306,38.07692307692307,1653612.961501465,55388724.86925074,-1264825151.6773458,0.047243362265593454,0.3588075669486336,0.013464091206161216,0.026536656766970826,0.05710141752465604,0.03843956177512005,0.019194287531020326,0.021048343958845413,0.03345899966149202,0.052163468744712733,0.07051030427928034,0.010832396621928267,0.044116303553684365,0.015104060192207485,0.014398676076521188,0.06974621817795934,0.023045731012835587,0.020093831568686688,0.013755816404625362,0.05181931070664491
148,847.0,309.4807692307693,38.07692307692307,2862262.1343973996,57021661.981620625,-1275702428.6287332,0.04655365334319642,0.35964807433931684,0.013137657673700618,0.02533068188015642,0.055871759974157206,0.03917962715078819,0.01916728965781482,0.020841550140081256,0.034544405349078856,0.051952798905493855,0.06749656182155667,0.01087772056086058,0.04416267343965264,0.015564254880814357,0.014454306675568726,0.07041737486286713,0.02228677199625379,0.0211798864916711,0.013744753326785125,0.05512946790457876
149,847.0,332.2846153846154,38.07692307692307,4007158.844346386,58353423.789911404,-1292079290.1963704,0.045743209763832456,0.3599499398231682,0.01275171941776924,0.02419810949849896,0.054557904505244274,0.03990701850870282,0.019139569599136545,0.02065040402980786,0.03546076294668236,0.05186641966619035,0.06434341455423738,0.010871967114209626,0.04416628891568689,0.016074519286313014,0.014431883957531075,0.07122794482146137,0.02187788904410712,0.022326474439223722,0.013729040810828914,0.05849061590658902
150,847.0,355.0884615384615,38.07692307692307,5081966.488513335,59329859.73079115,-1314865749.776779,0.0449134457422878,0.3600279003692307,0.012390162926239645,0.0231569068373531,0.053191582954481044,0.04065927676163895,0.019116276881821465,0.020516964201310373,0.036226681896005336,0.05187757799703083,0.061076086697738514,0.010830771708931161,0.04416817382012008,0.016568629874284684,0.014336594626054435,0.07192115508701612,0.021693056031183842,0.023424736601141118,0.013711139829039367,0.061641971948242606
151,847.0,377.89230769230767,38.07692307692307,6082758.154318123,60014494.5697195,-1343168896.4617462,0.04411751835771821,0.3600839398747933,0.012089959565661916,0.02221223911294689,0.05179934604750533,0.041425106096410175,0.01910009464144613,0.020455208362816273,0.03686760654335556,0.051952340198009865,0.05777273868792281,0.010776673140487124,0.04417604260368173,0.01701208247460604,0.014192740621890937,0.07241615140061856,0.02161584961234164,0.024430011046469587,0.013690800173650914,0.06448113523962319
152,847.0,400.69615384615383,38.07692307692307,7007895.750177682,60483574.77120363,-1375869727.822184,0.043393886441541844,0.36018268807590653,0.01185719299820804,0.021387644585782187,0.05043131521718595,0.04214600012172586,0.01909090825862741,0.020452360598501536,0.03739858274765945,0.052053269045170214,0.05462335225124978,0.010730571498439164,0.044177203147347036,0.01739167146522355,0.014033049249632045,0.0727310527280793,0.021555252315768596,0.02531751386939029,0.01366852858569034,0.06697063596234362
153,847.0,423.5,38.07692307692307,7857755.710243466,60814896.90955927,-1411795011.6839833,0.04277400721579201,0.3603134570067688,0.01168801105388561,0.0207060521158883,0.04915572924618151,0.04277047504901079,0.019086630787468365,0.02048658104068696,0.03783221647975113,0.05215073501812555,0.051816810703639825,0.010703519138803973,0.04416357127388341,0.017702038793288036,0.013882356693466612,0.07291127265109881,0.021467554607944278,0.026060777902028504,0.013646198343400638,0.0690925877452964
154,847.0,127.05,40.38461538461539,-7346675.964881069,35260822.65939992,-1327497093.7114258,0.04601411505606974,0.3459065777552641,0.011269968131270852,0.029470857090462065,0.06027867941050442,0.0353283909175403,0.019131260701816793,0.021361630938386916,0.027371921768007058,0.055069897404303125,0.07781335759649818,0.010201772666044448,0.0424728889812018,0.014837054626807294,0.013878114526030813,0.07853525783417248,0.03534967353074407,0.01959663162166713,0.013221811877915789,0.04301513021270734
155,847.0,149.85384615384615,40.38461538461539,-6088081.58058172,39040092.02886005,-1305397899.049719,0.04634665248084886,0.347396138028047,0.011755274330800418,0.029627780474300498,0.06008123417568542,0.035523437016131275,0.019196975946616793,0.02150758816102636,0.027594333817797696,0.054807266028915023,0.07787799374970583,0.010237991262161513,0.04267247035298663,0.014688377664036818,0.013798166520037165,0.07694517843515121,0.03398730871548834,0.019155392435589287,0.01334566723516178,0.04312425611544054
156,847.0,172.6576923076923,40.38461538461539,-4814670.150816207,42542835.99936846,-1287220577.0817146,0.04677007466201886,0.3491289654915636,0.012314200297297953,0.02972446406250557,0.059950926720928964,0.03579577199916119,0.019250496115584475,0.02161520349065434,0.028078305862530982,0.0544374247131229,0.07785333995936032,0.01029351440298235,0.042908854119480346,0.014533287323722749,0.013776187150421887,0.07504395662324809,0.03220612240389507,0.01866374346068169,0.0134787353775061,0.04335896836505422
157,847.0,195.46153846153845,40.38461538461539,-3535163.9192259037,45781543.95530316,-1272911789.5421538,0.04722319820963071,0.3509866857766566,0.0128687701745279,0.02959851084585982,0.05986882189445109,0.03615290592345372,0.019278161652666014,0.02163458911713633,0.02888817778213341,0.05396625415640507,0.07756164125612929,0.010386526935921056,0.04318851731658738,0.014421134734751739,0.013848210618664125,0.07318992757798194,0.030095259835981755,0.018283024666412424,0.013598845830849358,0.04395535904430635
158,847.0,218.26538461538462,40.38461538461539,-2259084.2250986644,48700959.797526464,-1263447097.1302457,0.047582580913209424,0.35296639157691323,0.0133124585235094,0.029179052425024936,0.05968669409369638,0.03658898289223667,0.019281959070723075,0.02156749775788425,0.029941837772381796,0.05345264032628525,0.07679586434014304,0.010513594991172857,0.043484243241342084,0.014408879712746013,0.013998715595779743,0.07163118078254938,0.02792854005851847,0.01816483479255904,0.013683480804396114,0.045041059245792325
159,847.0,241.06923076923076,40.38461538461539,-996456.3523108565,51240256.88735663,-1259893401.0778322,0.04770780687812198,0.3550759006498705,0.013549576239524462,0.028473221115076826,0.059220902774797315,0.03710644715381824,0.01927353110741161,0.021447365239648193,0.03109628218214889,0.052972697727576845,0.07537477249520179,0.010653020525839762,0.04375123676253717,0.014533396248523274,0.014176961371477635,0.07053739918925746,0.026001397507395538,0.018409352447634333,0.013723336954911958,0.04670029917350382
160,847.0,263.8730769230769,40.38461538461539,242562.9258710294,53454444.71863102,-1261581342.1616836,0.04750695364578382,0.3570906127630574,0.013538497700605006,0.027507504685621707,0.05840134912438971,0.037719310807445235,0.019259137306683733,0.021286380860573675,0.032277698918194056,0.05256911862159273,0.07324275883733353,0.010778721743484642,0.04396044104329243,0.014798268639215318,0.014338284605203118,0.07007953745422946,0.024444581434527057,0.019054819572834326,0.01372962789287507,0.04906378647595426
161,847.0,286.67692307692306,40.38461538461539,1448107.5100239327,55424715.206220105,-1267444189.2609677,0.04697860899345214,0.3586420668678147,0.013307791086112925,0.02636651834547805,0.057285953622398356,0.03840361530848357,0.019236066656332176,0.02108121999517746,0.033433515135532776,0.05226215843844405,0.0705406306267811,0.010865956124396538,0.04409662651871019,0.015190950455767013,0.014450144025161019,0.07027578499771003,0.02328616807425708,0.020049021732803818,0.013720624495036868,0.052125530691902004
162,847.0,309.4807692307693,40.38461538461539,2611034.763886854,57053487.6962039,-1279086820.106483,0.04622848661369075,0.3595371182230093,0.01295106168519397,0.02519410589714186,0.055991447020829255,0.03911346243421231,0.019201716983048456,0.020850029276989996,0.03449369155089538,0.05205972523914162,0.06752184263271549,0.010898726413451968,0.04416755086262992,0.015678663588285256,0.014488164383569405,0.07084861419879009,0.022507807814913253,0.021238519802898065,0.013708031803372342,0.05557887120420124
163,847.0,332.2846153846154,40.38461538461539,3723324.214322968,58373888.1642071,-1296135427.837031,0.04539806660511614,0.3599249919650449,0.012572543671321464,0.024087160569385493,0.05460473543565814,0.03984751544411286,0.019163756592438148,0.020640920851219064,0.035413291624114475,0.05195984243981575,0.06434447964100473,0.010879428530432823,0.04420846108744384,0.0161951223845288,0.014443977114422586,0.07146177745099508,0.02204102368018829,0.022451205361727924,0.013696938409531484,0.059007266305994795
164,847.0,355.0884615384615,40.38461538461539,4778399.002690742,59337793.31723682,-1319413271.6218145,0.0445741388375846,0.3600770748065459,0.01223417451832674,0.023068595591244474,0.053174196605115805,0.040614886925293005,0.019132223443696073,0.020493947427399628,0.03618851568204161,0.05195133261761967,0.06106854108723372,0.0108267743779439,0.04424622989574404,0.01668338563960037,0.014331960739887975,0.07195668097036798,0.021789621778457273,0.023588002468656347,0.013686931852020245,0.0621644771122698
165,847.0,377.89230769230767,40.38461538461539,5771337.695265049,60014336.47716594,-1347958564.6152625,0.043796041662097177,0.3601745714813892,0.011955948066758008,0.022148311264010553,0.051745864620562056,0.04138157137646565,0.01911126609891649,0.02041772110187794,0.03683089625458636,0.05200858539490821,0.05781024010293831,0.010765432010885752,0.044279156647062286,0.01711780080367904,0.014182424497654268,0.07231580466246056,0.021653762951660244,0.024613810684506222,0.01367528573916464,0.06497232967295279
166,847.0,400.69615384615383,40.38461538461539,6698959.077511202,60482268.941195905,-1380638437.4828897,0.043098597266859155,0.36029411637565395,0.011740747994777204,0.021352585389406674,0.050378962386113155,0.042088145722772696,0.01910030185827913,0.020399245881021922,0.03735253237151386,0.052096118270449195,0.05476621929103622,0.010715493156871278,0.04429567823881022,0.01748647532591833,0.014026225530966682,0.07255422444013485,0.02155189937037548,0.025504226485010575,0.013661354894378001,0.06739524742144454
167,847.0,423.5,40.38461538461539,7559780.693308288,60818562.43366455,-1416320611.7677941,0.042509808850416865,0.3604435488002581,0.01158523092568719,0.02070144359289363,0.049134286539290056,0.042692077912941766,0.01909630350757863,0.020418366564558685,0.037769398816156714,0.05218449691743072,0.05209811084052496,0.010686094483059936,0.04429187085944943,0.01778489487833612,0.013883680112123854,0.07269441209468723,0.021443206566012774,0.026237489960359243,0.01364628792882306,0.06941924878464649
168,847.0,127.05,42.69230769230769,-6903802.877691075,35246962.09377766,-1320897045.8715956,0.04610677309768412,0.3456223090642028,0.01149478996860927,0.029270538995538282,0.06032653667413744,0.03545344001380628,0.01913810317401225,0.021403257297284813,0.027540855409150265,0.05494464791644322,0.07781296125364781,0.010261493042815484,0.04260753758520984,0.014790656916953368,0.013891854425425263,0.07843937689222545,0.034926626491147535,0.019279955488026603,0.013270256161869798,0.04300314100138667
169,847.0,149.85384615384615,42.69230769230769,-5721405.571619641,39029714.32883365,-1299916921.8362594,0.04647998434603799,0.3471663913663453,0.011991009792845744,0.02937869162427482,0.06024693903372741,0.03567460380233738,0.019195777203697265,0.021524940469305406,0.027881290587842368,0.0546482318554909,0.07787584951071146,0.01031048708101552,0.042789348934609395,0.014633877242178382,0.013857220183118564,0.0768069174253737,0.03343435468339509,0.018796739429132202,0.013392799533071289,0.04313082935422902
170,847.0,172.6576923076923,42.69230769230769,-4529569.151937257,42540622.896696456,-1282871086.6126788,0.04691909758768942,0.3489477422974989,0.012540331186675092,0.02942638601149347,0.06021750235182462,0.035968326824592126,0.01924483340964685,0.02161075217179142,0.02845829619307839,0.0542566076236884,0.07783922804145949,0.010374498939976351,0.043004698804991165,0.014482430929162208,0.013869136778005164,0.07490396447694932,0.031591695330947044,0.018298211722006383,0.013519451876471526,0.04340987255943036
171,847.0,195.46153846153845,42.69230769230769,-3335073.2268217276,45787564.10726199,-1269745564.4454627,0.04732794529896193,0.3508553117359621,0.013043747549625926,0.029280027821177345,0.060162575233568986,0.03632387745653213,0.019275695341315447,0.021627624098417578,0.029269149454515583,0.05380557058591362,0.07751551280946095,0.010464840702046065,0.04324834214902373,0.014392758683603681,0.013947907014761137,0.07310472263224552,0.02958782289295333,0.017958734493185326,0.013624507172042513,0.04404599053639228
172,847.0,218.26538461538462,42.69230769230769,-2145098.424251083,48713275.43118559,-1261510042.8309093,0.04758301934876337,0.35288468380885674,0.013393679704697563,0.028874820295414955,0.059931974852322614,0.03672810586491084,0.019289371121293395,0.02157879599250592,0.030223368537917815,0.05336001812803942,0.07669975514662702,0.010579106093425788,0.04349319872343764,0.0144163543132609,0.014080566547807141,0.07168954658541662,0.02768633304967798,0.017924174229892006,0.013687070697004441,0.04517186104138888
173,847.0,241.06923076923076,42.69230769230769,-967062.1233592036,51259077.73499556,-1259159106.819842,0.047589333915728046,0.35500159879926146,0.013527072560574274,0.02820595445839612,0.059404256021128275,0.03719327547312436,0.01929282704453255,0.021478053411566164,0.03124703229031059,0.05296257403502788,0.07525332239787987,0.010702872824469488,0.043717558617653605,0.014574549834535393,0.014234859550642536,0.07078566463298777,0.026027516324177404,0.018267693947397634,0.01370702458215493,0.046898725222206866
174,847.0,263.8730769230769,42.69230769230769,191571.4296706821,53479351.01512912,-1261991452.9295597,0.04729341531768067,0.3569916012948625,0.013431363859361334,0.027292316191185922,0.058548438533539506,0.037739855962333944,0.019288457495917948,0.021323790583909253,0.0323155613994288,0.05262853531459161,0.07314815912533833,0.0108157660131238,0.04390773690225701,0.014864669954676345,0.014378813211775586,0.070478957794625,0.024637864421766867,0.019002549040420907,0.013700911416893499,0.049346022859431085
175,847.0,286.67692307692306,42.69230769230769,1323497.366594525,55452931.369187385,-1268936329.942708,0.04670970560922892,0.3585483258899383,0.013150477120997178,0.026212857999005232,0.057417524780927466,0.03835970713207584,0.019271225998449822,0.021116814313136865,0.033390896531520324,0.05236638374364389,0.07050388149775819,0.010893724667008012,0.0440489802483766,0.015273011071618079,0.014478681716725467,0.07071412351220134,0.023542522728285595,0.020058819012972906,0.01368612011022914,0.05246262999422272
176,847.0,309.4807692307693,42.69230769230769,2421783.056006066,57079172.970520444,-1281610639.5652046,0.04594635046622837,0.3595169693507344,0.012783837502303042,0.025098702126306126,0.056105099907697326,0.039034090363875035,0.019238071792640997,0.020885589493025256,0.03440866967113346,0.05217962013769262,0.0675323835004815,0.01091867567073061,0.044145021356341,0.015760581480270663,0.014503347133861972,0.0711931341922912,0.022754314626792657,0.021277395467475677,0.01367344269937335,0.05591125150769909
177,847.0,332.2846153846154,42.69230769230769,3480076.1994493203,58392104.580742024,-1299601383.4468327,0.04512896065480901,0.3600061880094657,0.012424052573999466,0.02403539020110891,0.054687209450677926,0.0397635076113559,0.019196565414572816,0.020676277229831373,0.035319741229744975,0.052071313058053854,0.06437936159392188,0.010891874727626745,0.044219437994377025,0.016266188513337058,0.014444468659130964,0.07163816051040794,0.022237360190724368,0.02250260801280223,0.01366669569868949,0.05930269631523358
178,847.0,355.0884615384615,42.69230769230769,4492797.807025202,59348614.82208518,-1323641270.3316934,0.04432546497484298,0.36022510607999936,0.012112369440036267,0.02304549124749821,0.053223475712095125,0.040534515101868104,0.019158030939365703,0.020520958667356582,0.03610426797159565,0.05204159335118219,0.0611332219642267,0.01083271552283941,0.04428536556251045,0.016744302730277265,0.014322688164819124,0.07197823460117668,0.02192227358720811,0.023652246250725182,0.013663274475678638,0.06242921028955642
179,847.0,377.89230769230767,42.69230769230769,5455308.957815735,60021789.40681446,-1352704859.3623104,0.043571086005062286,0.360338301385614,0.011857535793688272,0.02214753938531011,0.05177904702631517,0.04129720246790931,0.019129527011953078,0.020428182375297723,0.03675641083626775,0.052074704889911595,0.05794369838295399,0.010766281290202271,0.04433738289272078,0.017171005960068833,0.014171492231642076,0.072235733893637,0.021727795302744775,0.024688291465385714,0.013659033543215427,0.06520913642255902
180,847.0,400.69615384615383,42.69230769230769,6364038.83603651,60491721.37880555,-1385645135.5612206,0.04290027313721531,0.36043904143104843,0.011659874862730277,0.02137299721887686,0.05042231367130299,0.04199150437745949,0.01911248481601659,0.020389561712066354,0.03728007933601512,0.05214114555574356,0.055008050225687326,0.01071195872058864,0.04436721129356303,0.017532320903895837,0.014019998089907268,0.07242221394937821,0.021583566620248254,0.025580171126313,0.013652364221873613,0.06759381720899078
181,847.0,423.5,42.69230769230769,7216561.480774135,60834322.89962284,-1421360224.6611824,0.04233804799940151,0.36055864324576087,0.011516015552757008,0.020741312781611072,0.04920803157254952,0.042580552939597754,0.01910450067328393,0.020388969672934944,0.03769116331627823,0.052213997724201516,0.05246414098158192,0.010678140557824714,0.04437397471779185,0.01782355574614444,0.013885221838305626,0.0725423514590163,0.02145110567918521,0.026308361476637947,0.013643667304007243,0.06956734892574855
182,847.0,127.05,45.0,-6387861.99057384,35233946.33782018,-1313161089.3154366,0.04626272419287236,0.34569823661942617,0.011750912148716238,0.0290673819296926,0.06044909007072531,0.03559869107791414,0.019145713306596174,0.021442313484123652,0.027791493525061748,0.05478681973531424,0.07781200491791769,0.010331034627001206,0.042714530897423025,0.014720478138095417,0.013930684475834855,0.07812523674966554,0.03430073292396917,0.01893380702967921,0.013326280962346868,0.04302755755452852
183,847.0,149.85384615384615,45.0,-5273933.316636475,39020824.08050511,-1293171587.012683,0.046657424216181256,0.34728887806953573,0.012247429545792672,0.029133230053702084,0.06045983129196185,0.03584257066260665,0.01919749696359525,0.021540725828251523,0.02823394328075797,0.05446169827576621,0.07786273400300227,0.010387717680821034,0.0428817292237295,0.014565769955065025,0.013928983256071559,0.07645036523962051,0.03272257067629494,0.018437723477438026,0.013444597022984226,0.04319042830395189
184,847.0,172.6576923076923,45.0,-4156316.7374693956,42539039.27095937,-1277157046.6504064,0.047067042084485325,0.3490686525969421,0.012758553753363717,0.029138232099153134,0.060469106592551954,0.036143898867823175,0.01924342587178787,0.021608528035703244,0.028857563382303164,0.054069902739149876,0.07778464994414316,0.010453078845634506,0.043074757500573053,0.014437039347691446,0.013958311791694397,0.07459501179735158,0.03092768032112014,0.01798298947833366,0.013557866289753664,0.043531684004571906
185,847.0,195.46153846153845,45.0,-3040496.451726783,45792335.43502948,-1265145597.008307,0.04738706806550313,0.3509652968492649,0.01318089468594975,0.02897363079618062,0.06037799333877852,0.03648316466045509,0.01927604455544341,0.021625814983903775,0.02962241194264152,0.05366245493424332,0.07738927819005387,0.01053540884309848,0.043279754878619806,0.014386668719185135,0.014030944350552278,0.07293198866920599,0.029135190678774157,0.017732409627644552,0.013641201622405768,0.044230203322489975
186,847.0,218.26538461538462,45.0,-1932045.1902020944,48722408.70477335,-1258097834.9913745,0.0475251889773982,0.3529698568476194,0.013431361506540554,0.02858011134671725,0.060075841995912746,0.03685351170061917,0.019295077750641543,0.021590061119018667,0.0304713465889393,0.05328658222782976,0.0765070838347654,0.010635078535281945,0.043480210265829544,0.014450125564487788,0.014141617788542974,0.0717032162788285,0.02751024977538029,0.017800328537253537,0.013681677662187535,0.04542087911339332
187,847.0,241.06923076923076,45.0,-836511.5232075218,51272788.61105787,-1256946473.4077415,0.04742533231615558,0.35502163328482833,0.013475853087503865,0.027944468916847202,0.059495111454462464,0.03727299424815829,0.019304939746509008,0.02149988559498928,0.031383573979832824,0.052958898735659635,0.07504353277312686,0.01074326982985341,0.043671300254263426,0.01463616318931574,0.014272568837824042,0.07098593177023599,0.026077444101558284,0.018233760647724036,0.013686543145259435,0.047221098118532916
188,847.0,263.8730769230769,45.0,240689.5198454586,53497610.62393221,-1260962376.7477162,0.0470582047328542,0.3569380900623103,0.013317856091471543,0.027083766378269553,0.05862416904336676,0.037762108503089246,0.01930688185356668,0.02135064883492779,0.03235318842996936,0.052683332375176715,0.0729851577312886,0.010843571151496853,0.04384587384772457,0.014939711856983888,0.014399124553291882,0.07080726663544103,0.024828091206056974,0.019027079370517782,0.013672616327572011,0.04971365520078627
189,847.0,286.67692307692306,45.0,1294376.3171075792,55473983.59871265,-1269068073.9579391,0.04645237331722552,0.3584806911959739,0.013010239593256671,0.026075345936160555,0.057507124540279744,0.03832413175730197,0.019296297537784536,0.02115184098036388,0.03334650848077701,0.052462545556587456,0.07043252209672858,0.010913395452558488,0.04399155526676156,0.015344651616212854,0.014486921596689774,0.07105671957343664,0.023795163274145614,0.020096206196896883,0.01365487952876382,0.052793353486253726
190,847.0,309.4807692307693,45.0,2319684.705707577,57099785.643125325,-1282870819.7242486,0.04570834000926522,0.35952027620467536,0.012648795988963266,0.02503434290650679,0.05621526752514632,0.03895784059915363,0.019269723552818793,0.020935704233898934,0.03430732433924297,0.05229658070912779,0.06755693635879385,0.010934376481069864,0.044109248326240094,0.01581270271624205,0.014502695535399266,0.07144982748129793,0.02300944662248998,0.021291706240585562,0.013642894870866517,0.05613066029445282
191,847.0,332.2846153846154,45.0,3312135.0444014897,58410301.149824835,-1301909985.8805103,0.04492466381987376,0.36011279815699476,0.01231017898049371,0.02402832670398168,0.054808890101287346,0.03966487438518801,0.01923137104141073,0.020738055371089314,0.035191991800932416,0.052188890541035204,0.06448169102721604,0.010906127008319309,0.04421028278538794,0.016295988544141677,0.014438404159050037,0.07177637772789279,0.02245717566004103,0.02248966980576111,0.013639300069607108,0.05940793197367432
192,847.0,355.0884615384615,45.0,4267687.135980118,59364934.69594856,-1326856870.763978,0.044153142787209526,0.360404354367609,0.012022453182539087,0.023076365159603263,0.053347463217053616,0.04042228268309202,0.019190434834367314,0.02058112097729171,0.03597473976312014,0.052143617029810414,0.06130836101910188,0.010845911352472036,0.04429748128322073,0.01675922005440683,0.014315377209399417,0.07201261054435765,0.022089376692775272,0.023626776245388028,0.013640621069464709,0.062459152047913635
193,847.0,377.89230769230767,45.0,5182790.746644052,60038591.19662532,-1356641998.0665526,0.043427955392564346,0.3605382318408863,0.011788643284928062,0.022202934923629812,0.05190602154663248,0.041173981550650704,0.019155568283392408,0.02047392302929882,0.03663688739370855,0.05215257538510714,0.05820379129310386,0.010777249653745298,0.044364325868298714,0.01717804368206405,0.014166589168951374,0.07219573281751035,0.021842032958836112,0.024661635620969725,0.013642203836588684,0.06519501403402374
194,847.0,400.69615384615383,45.0,6054440.439739621,60511927.03389828,-1390101207.8775294,0.04278345676435586,0.36061789100705677,0.011606676499450165,0.021444356319927783,0.05056114390348781,0.04185884418232183,0.019131127937777662,0.020414175047040878,0.037171472669011156,0.05219457591845728,0.05536303103127396,0.010718925942763908,0.04440566242757797,0.017535287091954246,0.014019883468671805,0.07233917180803309,0.021656893728565198,0.02555587636358245,0.013641632035855557,0.06755136944335206
195,847.0,423.5,45.0,6880236.810092916,60860277.276786126,-1426140877.7766194,0.04224282222372217,0.3606955400332408,0.011472499675553955,0.020822482626238363,0.049367428565545504,0.04244056756799551,0.019116783183150743,0.02039157052845574,0.037588889312188005,0.052247786384322044,0.052912264008826995,0.010679679936023624,0.044422756362163834,0.017824429557500913,0.013890949344277238,0.07244156135364718,0.021498644338469253,0.02628728804780327,0.013638517904257248,0.06950439334134108
